"topic","animalcrackers","apple","applesauce","avocado","bacon","bagel","banana","beans","beets","blueberries","bread","broccoli","bunny","burrito","butter","cake","candy","cantaloupe","carrot","carrots","cereal","cheerios","cheese","chexmix","chicken","coffee","cookie","corn","cracker","edamame","egg","eggs","eggy","fruit+snacks","goldfish","grapes","greenbeans","ham","hotdog","icecream","juice","juicebox","ketchup","mango","meat","milk","muffie","muffin","mummum","noodles","oatmeal","olives","orange","orzo","pancake","pancakes","pasta","peaches","peanutbutter","pear","pears","peas","peep","pepper","pepperoni","pickle","pizza","potatoes","pouch","pretzel","prunes","puffs","pumpkin","raisin","raisins","rice","sandwich","smoothie","spaghetti","squash","steak","stormtrooper","strawberries","strawberry","sweetpotato","sweetpotatoes","teddy","teddybear","teddygrahams","toast","tofu","tortellini","turkey","waffles","water","watermelon","yogurt"
"0","0","0","0","0","0","0","0","0","0","0","0","0","0","0","0","0","0","0","0","0","0","0","0","0","0","0","0","0","0","0","0","0","0","0","0","0","0","0","0","0","0","0","0","0","0","0","0","0","0","0","0","0","0","0","0","0","0","0","0","0","0","0","0","0","0","0","0","0","0","0","0","0","0","0","0","0","0","0","0","0.003181795785320035","0","0","0","0","0","0","0","0","0","0","0","0","0","0","0","0","0"
"1","0","0","0","0","0.00016656157579059974","0","0","0","0","0","2.3654793672981327e-05","0","8.0796323128734047e-05","0","0","0","0","0","0","0","0","0","0","0","0","0","4.1492671503632588e-05","5.2916678126588512e-05","0","0","3.4082236950617259e-05","0","0","0","0","0","0","0.00011574556140382323","1.3576566218552641e-05","0","0","0","0","0","0","6.1334007939421492e-05","0","0","0","0","0","0","3.3750457324448839e-05","0","0","0","0","0","0","0","0","0","0","0","0","0","0","0","0","0","0","0","0","0","0","0","3.2697378471105274e-05","0","0","0","0","0","0","0","0","0","0","0","0","0","0","0","2.5506542543350035e-06","0","8.4848794759040952e-05","0","0"
"2","0","0","0","0","0.00011745905804884473","0","0","0","0","0","0","0","0","0","6.2253884654387822e-06","2.500928515397103e-05","4.935006617355739e-05","0","0","0","0","0","0","0","3.190282553103861e-05","7.0204989075055345e-05","0","0","0","0","0","3.9269648499115486e-06","0","0","0","0","0","0","0","0","1.3711051783789635e-05","0","0","0","3.8997100345203243e-05","3.648250294846761e-05","0","0","0","0","0","0","0.00018510163732555319","0","9.4158994397997618e-06","0","0","0","0","2.713880772200811e-05","0","0","0","0","0","0","0","0","0","0","0","0","0","0","0","0.00034571301184725212","0","0","0","0","0","0","0","0","0","0","0.00011210348894781441","0","0","0","0","0","0","0","0","0","0"
"3","0","0","0","0","0","0","0","0","0","0","0","0","0","0","0","0","0","0","0","0","0","0","0","0","0","0","0","0","0","0","0","0","0","0","0","0","0","0","0","0","0","0","0","0","0","0","0","0","0","0","0","0","0","0","0","0","0","0","0","0","0","0","0","0","0","0","0","0","0","0","0","0","0","0","0","0","0","0","0","0","0","0","0","0","0","0","0","0","0","3.1374402960160256e-05","0","0","0","0","0","0","0"
"4","0","0","0","0","0","0","0","0","0","0","0","0","0","0","0","0","0","0","0","0","0","0","0","0","0","0","0","0","0","0","0","0","0","0","0","0","0","0","0","0","0","0","0","0","0","0","0","0","0","0","0","0","0","0","0","0","0","0","0","0","0","0","0","0","0","0","0","0","0","0","0","0","0","0","0","0","0","0","0","0","0","0","0","0","0","0","0","0","0","0","0","0","0","0","0","0","0"
"5","0","0","0","0","0","0","0","0","0","0","0","0","0","0","0","0","0","0","0","0","0","0","0","0","0","0","0","0","0","0","0","0","0","0","0","0","0","0","0","0","0","0","0","0","0","0","0","0","0","0","0","0","0","0","0","0","0","0","0","0","0","0","0","0","0","0","0","0","0","0","0","0","0","0","0","0","0","0","0","0","0","0","0","0","0","0","0","0","0","0","0","0","0","0","0","0","0"
"6","0","0","0","0","0","0","0","0","0","0","0","0","0","0","0","0","0","0","0","0","0","0","0","0","0","0","0","0","0","0","0","0","0","0","0","0","0","0","0","0","0","0","0","0","0","0","0","0","0","0","0","0","0","0","0","0","0","0","0","0","0","0","0","0","0","0","0","0","0","0","0","0","0","0","0","0","0","0","0","0","0","0","0","0","0","0","0","0","0","0","0","0","0","0","0","0","0"
"7","0","0","0","0","0","0","0","0","0","0","0","0","0","0","0","0","0","0","0","0","0","0","0","0","0","0","0","0","0","0","0","0","0","0","0","0","0","0","0","0","0","0","0","0","0","0","0","0","0","0","0","0","0","0","0","0","0","0","0","0","0","0","0","0","0","0","0","0","0","0","0","0","0","0","0","0","0","0","0","0","0","0","0","0","0","0","0","0","0","0","0","0","0","0","0","0","0"
"8","0","0","0","0","0","0","0","0","0","0","0","0","0","0","0","0","0","0","0","0","0","0","0","0","2.5858391103883477e-05","0","0","0","0","0","0","0","0","0","0","0","0","0","0","0","0","0","0","0","0","0","0","0","0","0","0","0","0","0","0","0","1.066269648231305e-05","0","0","0","0","0","3.6105875671199805e-05","0.00021652171080549301","0","0","0","0","0","0","0","0","5.6660571097911762e-05","0","0","0","0","0","0","0","0","0","0","0","0","0","0","0","0","0","0","0","0","0","0","0","0"
"9","0","9.7061222072019774e-06","0","0","4.4609916283953025e-06","0","0","0","0","0","0","0","0","0","0","0","0","0","0","0","0","0","0","0","0","0","0","0","0","0","0","0","0","0","0","0","0","0","0","0","7.3403600348356333e-06","0","0","0","0","0","0","0","0","0","0","0","0","0","0","0","0","0","0","0","0","0","0","0","0","0","0","0","0","0","0","0","0","0","0","0","0","0","0","0","0","0","0","0","0","0","0","0","0","0","0","0","0.00028737130294769836","0","0.00030045747297840206","0","0"
"10","0","0","0","0","0","0","0","0","0","0","0","0","0","0","0","0","0","0","0","0","0","0","0","0","0","0","0","0","0","0","0","0","0","0","0","0","0","0","0","0","0","0","0","0","0","0","0","0","0","0","0","0","0","0","0","0","0","0","0","0","0","0","0","0","0","0","0","0","0","0","0","0","0","0","0","0","0","0","0","0","0","0","0","0","0","0","0","0","0","0","0","0","0","0","0","0","0"
"11","0","0","0","0","0","0","0","0","0","0","0","0","0","0","0","0","0","0","3.5900312288572584e-05","0","0","0","0","0","0","0","0","0","0","0","0","0","0","0","0","0","0","0","0","0","0","0","0","0","0","0","0","0","0","0","0","0","0","0","0","0","0","0","0","0","0","0","0","0","0","0","0","0","0","0","0","0","0","0","0","0","0","0","0","0","0","0","0","0","0","0","0","0","0","0","0","0","0","0","0","0","0"
"12","0","0","0","0","0","0","0","0","0","0","0","0","0","0","0","0","0","0","0","0","0","0","0","0","0","0","0","0","0","0","0","0","0","0","0","0","0","0","0","0","0","0","0","0","0","0","0","0","0","0","0","0","0","0","0","0","0","0","0","0","0","0","0","0","0","0","0","0","0","0","0","0","0","0","0","0","0","0","0","0","0","0","0","0","0","0","0","0","0","0","0","0","0","0","0","0","0"
"13","0","0","0","0","0","0","0","0","0","0","0","0","0","0","0","0","0","0","0","0","0","0","0","0","0","0","0","0","0","0","0","0","0","0","0","0","0","0","0","0","0","0","0","0","0","0","0","0","0","0","0","0","0","0","0","0","0","0","0","0","0","0","0","0","0","0","0","0","0","0","0","0","0","0","0","0","0","0","0","0","0","0","0","0","0","0","0","0","0","0","0","0","0","0","0","0","0"
"14","0","0","0","0","0","0","0","0","0","0","0","0","0","0","0","0","0","0","0","0","0","0","0","0","0","0","0","0","0","0","0","0","0","0","0","0","0","0","0","0","0","0","0","0","0","0","0","0","0","0","0","0","0","0","0","0","0","0","0","0","0","0","0","0","0","0","3.4620741360053029e-05","0","0","0","0","0","0","0","0","0","0","0","0","0","0","0","0","0","0","0","0","0","0","0","0","0","0","0","0","0","0"
"15","0","0","0","0","0","0","0","0","0","0","0","0","0","0","0","0","0","0","0","0","0","0","0","0","0","0","0","0","0","0","0","0","0","0","0","0","0","0","0","0","0","0","0","0","0","0","0","0","0","0","0","0","0","0","0","0","0","0","0","0","0","0","0","0","0","0","0","0","0","0","0","0","0","0","0","0","0","0","0","0","0","0","0","0","0","0","0","0","0","0","0","0","0","0","0","0","0"
"16","0","0","0","0","0","0","0","0","0","0","0","0","0","0","0","0","0","0","0","0","0","0","0","0","0","0","0","0","0","0","0","0","0","0","0","0","0","0","0","0","0","0","0","0","0","0","0","0","0","0","0","0","0","0","0","0","0","0","0","0","0","0","0","0","0","0","0","0","0","0","0","0","0","0","0","0","0","0","0","0","0","0","0","0","0","0","0","0","0","0","0","0","0","0","0","0","0"
"17","0","0","0","0","0","0","0","0","0","0","0","0","0","0","0","0","0","0","0","0","0","0","0","0","0","0","0","0","0","0","0","0","0","0","0","0","0","0","0","0","0","0","0","0","0","0","0","0","0","0","0","0","0","0","0","0","0","0","0","0","0","0","0","0","0","0","0","0","0","0","0","0","0","0","0","0","0","0","0","0","0","0","0","0","0","0","0","0","0","0","0","0","0","0","0","0","0"
"18","0","0.00019501946723324395","0","0","0","0","6.8262324471614797e-05","0","3.7670057934625864e-05","0","0","0","0","0","0","0","0","0","0","0","4.2160842057776462e-05","0","0","0","0","6.191069228518604e-05","0","3.7366016878928987e-05","0","0","0","0","0","0","0","0","0","0","0","0","0","0","0","0","0","0","0","0","0","0","0","1.7900628717170636e-05","0.00044454169562430882","0","0","0","0","0","0","0","0","0","0","0","0","0","0","0","0","0","0","0","0","0","0","1.156904002276732e-06","0","0","0","0","0","0","0","1.4415631730630103e-05","0","0","0","0","0","0","0","0","0.00029532332708150761","0","0","0","0"
"19","0","0","0","0","0","0","0","0","0","0","0","0","0","0","0","0","0","0","0","0","0","0","0","0","0","0","0","0","0","0","0","0","0","0","0","0","0","0","0","0","0","0","0","0","0","0","0","0","0","0","0","0","0","0","0","0","0","0","0","0","0","0","0","0","0","0","0","0","0","0","0","0","0","0","0","0","0","0","0","0","0","0","0","0","0","0","0","0","0","0","0","0","0","0","0","0","0"
"20","0","0","0","0","0","0","1.3097860074501057e-05","0","0","0","3.1635404643736667e-05","0","0","0","0","0","0","0","0","0","0","0","0","0","0","4.8001094962871385e-05","0","1.5546487837224016e-05","0","0","0","0","0","0","0","0","0","0","0","0","0","0","0","0","0","0","0","0","0","0","0","0","8.2765462253778994e-05","0","0","0","0","0","0","0","0","0","0","2.4117203439139324e-05","0","0","0","0","0","0","0","0","0","0","0","0","0","0","0","0","0","0","0","0","0","0","0","0","0","0","0","0","6.8211764198177762e-05","0","1.874129681058874e-05","0","0"
"21","0","0","0","0","0","0","0","0","0","0","0","0","0","0","0","0","0","0","0","0","0","0","0","0","0","0","0","0","0","0","0","0","0","0","0","0","0","0","0","0","0","0","0","0","0","0","0","0","0","0","0","0","0","0","0","0","0","0","0","0","0","0","0","0","0","0","0","0","0","0","0","0","0","0","0","0","0","0","0","0","0","0","0","0","0","0","0","0","0","0","0","0","0","0","0","0","0"
"22","0","0","0","0","0","0","0","0","0","0","0","0","0","0","0","0","0","0","0","0","4.515584192976759e-07","0","0","0","0","0","0","0","0","0","0.0013196057333755423","0.0012639652507121326","0","0","0","0","0","0","0","0","0","0","0","0","2.1684149672726057e-06","7.5634035948161632e-06","0","0","0","0","0","0","0.0016243108774633762","0","0","0","0","0","0","0","0","0","0","0","0","0","0","0","0","0","0","0","0","0","0","0","0","0","0","0","0","0","0","0","0","0","0","0","0","0","0","0","0","0","0.00083741813386346365","0","0"
"23","0","0","0","0","0","0","0","0","0","0","0","0","0","0","0","0","0","0","0","0","0","0","0","0","0","0","0","0","0","0","0","0","0","0","0","0","0","0","0","0","0","0","0","0","0","0","0","0","0","0","0","0","0","0","0","0","0","0","0","0","0","0","0","0","0","0","0","0","0","0","0","0","0","0","0","0","0","0","0","0","0","0","0","0","0","0","0","0","0","0","0","0","0","0","0","0","0"
"24","0","0","0","0","0","0","0","0","0","0","0","0","0","0","0","0","0","0","0","0","0","0","0","0","0","0","0","0","0","0","0","0","0","0","0","0","0","0","0","0","0","0","0","0","0","0","0","0","0","0","0","0","0","0","0","0","0","0","0","1.3173174848653806e-05","0","0","0","0","0","0","0","0","0","0","0","0","0","0","0","0","0","0","0","0","0","0","0","0","0","0","0","0","0","0","0","0","0","0","0","0","0"
"25","0","0","0","0","0","0","0","0","0","0","0","0","0","0","0","0","0","0","0","0","0","0","0","0","0","0","0","0","0","0","0","0","0","0","0","0","0","0","0","0","0","0","0","0","0","0","0","0","0","0","0","0","0","0","0","0","0","0","0","0","0","0","0","0","0","0","0","0","0","0","0","0","0","0","0","0","0","0","0","0","0","0","0","0","0","0","0","0","0","0","0","0","0","0","0","0","0"
"26","0","0","0","0","0","0","6.7431485926883284e-05","7.9178035570103744e-06","0","0","0","0","0","0","0","0","1.647971832738829e-05","0","0","0","0","0","0","0","0","8.1761929129818594e-05","0","1.1761406120311212e-05","0","0","0","0","0","0","0","0","0","0","0","0","4.3588618183846896e-05","0","0","6.9174057190047252e-05","0","0","0","0","0","0","0","0","0","0","0","0","0","0","0","0","0","0","0","0","0","0","0","0","0","0","0","0","0","0","0","0","0","0","0","0","0","0","0","0","0","0","0","0","0","0","0","0","0","0","3.3257454420959687e-05","0","0"
"27","0","0.00015502499226017807","0","0","0","0","0","0","0","0","0","0","0","0","0","0","0","0","0","0","0","0","0","0","0","0","0","0","0","0","0","3.7427953579859921e-06","0","0","0","0","0","0","0","0","0","0","0","0","2.4544680375204829e-05","0","0","0","0","0","0","0","8.4761865371385983e-05","0","1.8304903410665608e-05","0","0","0","0","0","0","0","0","0","0","0","0","0","0","0","0","0","0","0","9.5098784052266166e-06","3.4708903046987246e-05","0","0","0","0","0","0","0","0","0","0","0","0","0","0","0","0","2.0004764468362101e-05","0","0.00010884975584766411","0","0"
"28","0","0","0","0","0","0","0","0","0","0","0","0","0","0","0","0","0","0","0","0","0","0","0","0","0","0","0","0","0","0","0","0","0","0","0","0","0","0","0","0","0","0","0","0","0","0","0","0","0","0","0","0","0","0","0","0","0","0","0","0","0","0","0","0","0","0","0","0","0","0","0","0","0","0","0","0","0","0","0","0","0","0","0","0","0","0","0","0","0","0","0","0","0","0","0","0","0"
"29","0","0","0","0","0","0","0","0","0","0","0","0","0","0","0","0","0.0001746523124549892","0","0","0","4.5989437618233687e-05","0","0","0","0","3.7310449710507826e-05","1.7162768357447098e-05","0","0","0","0","0","0","0","0","0","0","1.2914290153422514e-05","0","0","0","0","0","0","0","0","0","0","0","0","0","0","0","0","0","0","0","0","0","4.3280393224412557e-05","0","0","6.1557560194605066e-05","0.00010491205305750289","0","0","6.7849571859047522e-05","0","0","0","0","7.1251367034276511e-07","0","0","0","0","0","0","2.6303858897998912e-05","0","0","0","0","0","0","0","4.3077774739515157e-05","0","0","0","0","0","0","0","0","0","0"
"30","0","0","0","0","0","0","0","0","0","0","0","0","0","0","0","0","0","0","0","0","0","0","0","0","0","0","0","0","0","0","0","0","0","0","0","0","0","0","0","0","0","0","0","0","0","0","0","0","0","0","0","0","0","0","0","0","0","0","0","0","0","0","0","0","0","0","0","0","0","0","0","0","0","0","0","0","0","0","0","0","0","0","0","0","0","0","0","0","0","0","0","0","0","0","0","0","0"
"31","0","5.0144546853547911e-05","0","0","0","0","6.4857119876428275e-05","0","0","0","0","3.6053498835818119e-06","0","0","0","0","0","0","0","0","0","0","0","0","0","0","0","0","0","0","0","0","0","0","0","3.3742079017713159e-05","0","2.4284178855693622e-05","0","0","0","0","0","0","0","1.7865347683589167e-05","0","0","0","0","0","0","8.0711351077582838e-05","0","0","0","0","0","0","6.7519082667965425e-05","0","0","0","0","0","0","0","0","0","0","0","0","0","0","1.4318159444058182e-05","0","1.7985019429286882e-05","0","0","9.6195366084335121e-06","0","0","0","0","0","0","0","0","0","0","0","0","0","0","0.00019132217206851984","0","0"
"32","0","0","0","0","0","0","0","0","0","0","0","0","0","0","0","0","0","0","0","0","0","0","0","0","0","0","0","0","0","0","0","0","0","0","0","0","0","0","0","0","0","0","0","0","0","0","0","0","0","0","0","0","0","0","0","0","0","0","0","0","0","0","0","0","0","0","0","0","0","0","0","0","0","0","0","0","0","0","0","0","0","0","0","0","0","0","0","0","0","0","0","0","0","0","0","0","0"
"33","0","0","0","0","0","0","0","0","0","0","0","0","0","0","0","0","0","0","0","0","0","0","0","0","0","0","0","0","0","0","0","0","0","0","0","0","0","0","0","0","0","0","0","0","0","0","0","0","0","0","0","0","0","0","0","0","0","0","0","0","0","0","0","0","0","0","0","0","0","0","0","0","0","0","0","0","0","0","0","0","0","0","0","0","0","0","0","0","0","0","0","0","0","0","0","0","0"
"34","0","0","0","0","0","0","0","0","0","0","0","0","0","0","0","0","0","0","0","0","0","0","0","0","0","0","0","0","0","0","0","0","0","0","0","0","0","0","0","0","0","0","0","0","0","0","0","0","0","0","0","0","0","0","0","0","0","0","0","0","0","0","0","0","0","0","0","0","0","0","0","0","0","0","0","0","0","0","0","0","0","0","0","0","0","0","0","0","0","0","0","0","0","0","0","0","0"
"35","0","0","0","0","0","0","0","0","0","0","0","0","0","0","0","0","0","0","0","0","0","0","0","0","0","0","0","0","0","0","0","0","0","0","0","0","0","0","0","0","0","0","0","0","0","0","0","0","0","0","0","0","0","0","0","0","0","0","0","0","0","0","0","0","0","0","0","0","0","0","0","0","0","0","0","0","0","0","0","0","0","0","0","0","0","0","0","0","0","0","0","0","0","0","0","0","0"
"36","0","7.154194361018585e-05","0","0","0","0","0","0","0","0","0","0","0.00019202566569223592","0","1.8018325208641598e-05","0","0","0","0","0","0","0","0","0","0","0.00024553977122872511","5.6463610448818357e-05","0","0","0","3.0396100521041217e-05","0","0","0","0","2.7773139281973741e-06","0","0","0","0","0","0","0","0","2.7272090899133394e-05","0","0","0","0","0","0","0","0.00015539875563546021","0","0","0","0","0","0","0","0","0","0","0","0","0","0","0","0","0","0","0","0","0","0","3.9116844333026404e-05","0","0","0","0","0","0","0","0","0","0","0.0006581529624871185","0","0","0","0","0","3.2060539008365571e-05","0","0.00014412045405786774","0","0"
"37","0","4.2908655486271608e-05","0","0","0","0","0","0","0","0","0.00010176745706132851","0","0","0","2.0791787659417417e-05","0","0","0","0","0","0","0","1.8515444825701506e-05","0","4.495566849413258e-05","0","0","0","0","0","2.9101831907036315e-05","3.4458060993753167e-05","0","0","0","0","0","0","0","0","0","0","0","0","3.1230432438592053e-05","9.2190180953476239e-05","0","0","0","0","0","0","0","0","0","0","0","0","0","0","0","0","0","0","0","0","0","0","0","0","0","0","0","0","0","6.7790310569293386e-05","0","0","0","0","0","0","0","0","0","0","6.4961451311735816e-05","0","0","0","0","0","2.1614552528382134e-05","0","0.00016390493113388542","0","0"
"38","0","0","0","0","0","0","0","0","0","0","0","0","0","0","0","0","0","0","0","0","0","0","0","0","0","0","0","0","0","0","0","0","0","0","0","0","0","0.00047362269116211651","0","0","0","0","0","0","0","0","0","0","0","0","0","0","0","0","0","0","0","0","0","0","0","0","0","0","0","0","0","0","0","0","0","0","0","0","0","0","0","0","0","0","0","0","0","0","0","0","0","0","0","0","0","0","0.0003416058807790508","0","0","0","0"
"39","0","0","0","0","0","0","0","0","0","0","0","0","0","0","0","0","0","0","0","0","0","0","0","0","0","0","0","0","0","0","0","0","0","0","0","0","0","0","0","0","0","0","0","0","0","0","0","0","0","0","0","0","0","0","0","0","0","0","0","0","0","0","0","0","0","0","0","0","0","0","0","0","0","0","0","0","0","0","0","0","0","0","0","0","0","0","0","0","0","0","0","0","0","0","0","0","0"
"40","0","0","0","0","0","0","0","0","0","0","0","0","0","0","0","0","0","0","0","0","0","0","3.935063704355572e-06","0","0","0","0","0","0","0","1.0360336526464636e-05","0","0","0","0","0","0","0","0","0","0","0","0","0","0","0","0","0","0","0","0","0","5.11447760640293e-05","0","0","0","0","0","0","0","0","0","0","0","0","0","0","0","0","0","0","0","0","0","0","0","0","0","1.7995348259687887e-06","0","0","0","0","0","0","0","1.3094772787883919e-05","0","0","0","0","0","0","0","0.00067280645261251081","0","0"
"41","0","0","0","0","0","0","0","0","0","0","0","0","0","0","0","0","0","0","0","0","0","0","0","0","0","0","0","0","0","0","0","0","0","0","0","0","0","0","0","0","0","0","0","0","0","0","0","0","0","0","0","0","0","0","0","0","0","0","0","0","0","0","0","0","0","0","0","0","0","0","0","0","0","0","0","0","0","0","0","0","0","0","0","0","0","0","0","0","0","0","0","0","0","0","0","0","0"
"42","0","0","0","0","0","0","0","0","0","0","0","0","0","0","0","0","0","0","0","0","0","0","0","0","0","0","0","0","0","0","0","0","0","0","0","0","0","0","0","0","0","0","0","0","0","0","0","0","0","0","0","0","0","0","0","0","0","0","0","0","0","0","0","0","0","0","0","0","0","0","0","0","0","0","0","0","0","0","0","0","0","0","0","0","0","0","0","0","0","0","0","0","0","0","0","0","0"
"43","0","0","0","0","0","0","0","0","0","0","0","0","0","0","0","0","0","0","0","0","0","0","0","0","0","0","0","0","0","0","0","0","0","0","0","0","0","0","0","0","0","0","0","0","0","0","0","0","0","0","0","0","0","0","0","0","0","0","0","0","0","0","0","0","0","0","0","0","0","0","0","0","0","0","0","0","0","0","0","0","0","0","0","0","0","0","0","0","0","0","0","0","0","0","6.8587540084627858e-05","0","0"
"44","0","0","0","0","0","0","0","0","0","0","0","0","0","0","0","0","0","0","0","0","0","0","0","0","0","0","0","0","4.394388861287434e-05","0","0","0","0","0","0.00110961057156824","0","0","0","0","0","0","0","0","0","0","0","0","0","0","0","0","0","0","0","0","0","0","0","0","0","0","0","0","0","0","0","0","0","0","0","0","0","0","0","0","0","0","0","0","0","0","0","0","0","0","0","0","0","0","0","0","0","0","0","0","0","0"
"45","0","0","0","0","0","0","0","0","0","0","6.4471971745235453e-05","0","0","0","0","0","0","0","0","0","0","0","0","0","0","2.9974260430503532e-05","0","0","0","0","6.5324711379469891e-06","6.4952495318388475e-06","0","0","0","1.8465861441567934e-06","0","0","0","0","7.3440775909529594e-06","0","0","0","2.3955244367180656e-05","2.3191545461940808e-05","0","0","0","0","0","0","4.4135571949353489e-05","0","0","0","0","0","0","0","0","0","0","0","0","0","0","1.4854584463963775e-05","0","0","0","0","0","0","0","0","2.2496862136446066e-06","0","0","0","0","2.6497149691838911e-05","0","0","0","0","0","0","0","4.8462995216219356e-05","0","0","0.00097509021863185987","0","3.6399818139128888e-05","0","0"
"46","0","0","0","0","0","0","0","0","0","0","0","0","0","0","0","0","0","0","0","0","0","0","0","0","0","0","0","0","0","0","0","0","0","0","0","0","0","0","0","0","0","0","0","0","0","0","0","0","0","0","0","0","0","0","0","0","0","0","0","0","0","0","0","0","0","0","0","0","0","0","0","0","0","0","0","0","0","0","0","0","0","0","0","0","0","0","0","0","0","0","0","0","0","0","0","0","0"
"47","0","5.2287559742596753e-06","0","2.5385768510853962e-05","2.7874892545461573e-06","0","4.1005496879053918e-05","5.1039092786170881e-05","0","0","2.3697613444667266e-05","1.4344786573799266e-06","0","0","1.0695347432534338e-05","2.0873273441689394e-05","0","0","0","1.4345322661800462e-05","0.00023856687822674673","0","2.7763201383706858e-05","0","6.0088266384457568e-05","0.00016261147911482161","0","0.00022175361367827792","0","0","4.4789811002028698e-05","1.0533813005024225e-05","0","0","0","1.5923627458644521e-05","0","5.5752852854491152e-06","0","0","5.1617465897296732e-05","0","0","0","6.503049972812976e-05","0.00012894954509713228","0","0","0","0","0","0","5.3702446648349357e-05","0","0","0","6.9395554450972195e-06","0","0","0","0","2.2939447160471711e-05","0","3.3868095835777148e-05","0","0","0","5.6384076170888804e-05","8.7917297354444268e-05","0","0","0","7.1627243407509047e-06","0","0","0.00030404384430820206","3.0564168158865285e-05","0","0","9.5225213025642953e-06","0","0","1.5935200568019257e-05","3.4063847128155759e-05","0","0","0","0","0","0","0","0","5.7684244617690868e-05","0","0.0025400688043559503","0","9.1032413572852887e-06"
"48","0","0","0","0","0","0","0","0","0","0","0","0","0","0","0","6.7590493037833347e-05","0","0","0","0","0","0","2.8171353272585425e-05","0","3.3871431886231579e-05","0","0","0","0","0","0","0","0","0","0","0","0","2.8935410627095725e-05","0","0","0","0","0","0","0","0","0","0","0","0","0","0","0","0","0","0","0","0","0","0","0","0","0","0","0","0","0","0","0","0","0","0","0","0","0","0","0","0","0","0","0","0","0","0","0","0","0.00015723161389456515","0","0","0","0","0","0","0","0","0","0"
"49","0","0","0","0","0","0","0","0","0","0","0","0","0","0","0","0","0","0","0","0","0","0","0","0","0","0","0","0","0","0","0","0","0","0","0","0","0","0","0","0","0","0","0","0","0","0","0","0","0","0","0","0","0","0","0","0","0","0","0","0","0","0","0","0","0","0","0","0","0","0","0","0","0","0","0","0","0","0","0","0","0","0","0","0","0","0","0","0","0","0","0","0","0","0","0","0","0"
"50","0","0","0","0","0","0","0","0","0","0","2.5724226887726895e-05","0","0","0","0","0","0","0","0","0","0","0","0","0","0","0","0","0","0","0","0","0","0","0","0","0","0","0","0","0","0","0","0","0","0","0","0","0","0","0","0","0.00020624159535322242","0","0","0","0","0","0","0","0","0","0","0","0","0","0","0","0","4.3828246040270429e-06","0","0","0","0","0","0","0","0","0","0","0","0","0","0","0","0","0","0","0","0","0","0","0","0.00084987468197935203","0","0.00014964836960705972","0","0"
"51","0","0","0","0","0","0","0","0","0","0","0","0","0","0","0","0","0","0","0","0","0","0","0","0","0","0","0","0","0","0","0","0","0","0","0","0","0","0","0","0","0","0","0","0","0","0","0","0","0","0","0","0","0","0","0","0","0","0","0","0","0","0","0","0","0","0","0","0","0","0","0","0","0","0","0","0","0","0","0","0","0","0","0","0","0","0","0","0","0","0","0","0","0","0","0","0","0"
"52","0","0","0","0","0","0","0","0","0","0","0","0","0","0","0","0","0","0","0","0","0","0","0","0","0","0","0","0","0","0","0","0","0","0","0","0","0","0","0","0","0","0","0","0","0","0","0","0","0","0","0","0","0","0","0","0","0","0","0","0","0","0","0","0","0","0","0","0","0","0","0","0","0","0","0","0","0","0","0","0","0","0","0","0","0","0","0","0","0","0","0","0","0","0","0","0","0"
"53","0","0.00071648911966192171","0","0","0","0","0","0","0","0","1.9689071107229839e-05","0","5.4447904394120948e-06","0","0","0","9.6617913800896551e-05","0","0","0","0","0","0","0","0","0.00032648743030832395","0","0","0","0","3.2458957507517257e-05","1.7847566997414006e-05","0","0","0","0","0","0","0","0","0","0","0","0","0","0","0","0","0","0","0","0","0.00010738435469975312","0","0","0","0","0","0","0","0","0","0","0","0","0","0","0","0","0","0","0","0","0","0","1.8064095490127512e-05","0","0","0","0","0","0","0","0","0","0","0","0","0","0","0","0","0","0","0","0","0"
"54","0","0","0","0","0","0","0","0","0","0","0","0","0","0","0","0","0","0","0","0","0","0","0","0","0","0","0","0","0","0","0","0","0","0","0","0","0","0","0","0","0","0","0","0","0","0","0","0","0","0","0","0","0","0","0","0","0","0","0","0","0","0","0","0","0","0","0","0","0","0","0","0","0","0","0","0","0","0","0","0","0","0","0","0","0","0","0","0","0","0","0","0","0.012033492486765792","0","0","0","0"
"55","0","0","0","0","3.7432820086562891e-05","0","0","0","0","0","0","0","0","0","0","0","0","0","0","0","0","0","0","0","0","0","0","0","0","0","0","0","0","0","0","0","0","0","0","0","0","0","0","0","0","0","0","0","0","0","0","0","0.00010336515784939173","0","0","0","0","0","0","0","0","0","0","0","0","0","0","0","0","0","0","0","0","0","0","0","2.9224414168531668e-05","0","0","0","0","0","0","7.9925810226713553e-05","0","0","0","0","0","0","0","0","0","0","0","0","0"
"56","0","0","0","0","0","0","0","0","0","0","0","0","0","0","0","0","0","0","0","0","0","0","0","0","0","0","0","0","0","0","0","0","0","0","0","0","0","0","0","0","0","0","0","0","0","0","0","0","0","0","0","0","0","0","0","0","0","0","0","0","0","0","0","0","0","0","0","0","0","0","0","0","0","0","0","0","0","0","0","0","0","0","0","0","0","0","0","0","0","0","0","0","0","0","0","0","0"
"57","0","0","0","0","0","0","0","0","0","0","0","0","0","0","0","0","0","0","0.00020609906708784443","0","0","0","0","0","0","0","0","0","0","0","0","0","0","0","0","0","0","0","0","0","0","0","0","0","0","0","0","0","0","0","0","0","0","0","0.00045266589986195285","0","0","0","0","0.00059440057088565236","0","0","0","0","0","0","0","0","9.3142051391753588e-05","0","0","0","0","0","0","0","3.807831110646327e-07","0","0","0","0","0","0","0","0","0","0.00010373094959232313","0","0","0","0","0","0","0","0","0","0"
"58","0","0","0","0","0","0","0","0","0","0","0","0","0","0","0","0","0","0","0","0","0","0","0","0","0","0","0","0","0","0","0","0","0","0","0","0","0","0","0","0","0","0","0","0","0","0","0","0","0","0","0","0","0","0","0","0","0","0","0","0","0","0","0","0","0","0","0","0","0","0","0","0","0","0","0","0.0001892376063309899","0","0","0","0","0","0","0","0","0","0","0","0","0","0","0","0","0","0","0","0","0"
"59","0","0","0","0","0","0","0","0","0","0","0","0","0","0","0","0","1.4358255728982843e-05","0","0","0","0","0","5.1303048185424782e-06","0","0","0","0","0","0","0","0","0","0","0","0","0","0","1.2366670833522593e-05","0","0","0","0","0","0","0","0","0","0","0","0","0","0","7.1909238409272798e-05","0","0","0","0","0","0","0","0","0","0","0.0001069831916880282","0","0","0","0","0","0","0","0","0","0","0","0","4.2276599864524643e-05","0","0","0","0","0","0","0","0","0","2.0036931703745956e-05","0","0","0","0","0","5.0588431043980664e-05","0","0.00026643574616434915","0","0"
"60","0","0","0","0","0","0","3.2521777868344691e-05","0","0","0","0","0","0","0","0","2.459194148919037e-05","0.00011366405095785937","0","0","0","1.8451251774348637e-05","0","0","0","3.7474477160476178e-05","0","0","0","0.00023948701162795281","0","0","0","0","0","0","0","0","0","0","0","0","0","0","6.6744172928237915e-05","0","0","0","0","0","0","0","0","0","0","0","0","0","0","0","0","0","0","0","1.8090751019111715e-05","0","0","0","0","0","0","0","0","0","0.00042803912965682739","0.00012370329596015563","0","2.5911627046757757e-07","0","0","5.823752017170787e-05","0","0","0","0","0","0","0.00014744135885436297","0","0","0","0","0","0","0","0","0","0"
"61","0","0","0","0","0","0","0","2.1368662303138201e-05","0","0","0","0","0","0","0","0","0.00048171422694131557","0","0.00067187086055513234","0","0","0","4.7962081977841242e-05","0","0.00017763037819188543","0","0","0","0","0","0","0","0","0","0","0","0","0","0","0","0","0","0","0","0","6.8233739627298069e-05","0","0","0","0","0","0","0","0","0","0","0","0","0","0","0","0","0","8.4116039871953753e-05","0","0","0","0","0","0","0","0","0","0","0","0","0","0","3.7158955689305666e-05","0","0","0","0","0","0","0","0","0","0","0","0","0","0","0","0","0","0"
"62","0","0.00041522912364763931","0","0.00039301579377239854","0.00026398305281180953","0.0002144316878614131","0.00074157824955439343","0.00098632802596897965","0","3.8024409524404514e-05","0.0011974058565025958","0.00022005393779507115","0","0.00019223788279717477","0.00097067224862116858","0.0015891455126776832","0.00082582426796106866","0","0","0.00015730730102633293","0","0","0.0016009189569447624","0","0.0017959299528020273","0","0.00027856616695814837","0.00082295107708438189","0","0","0.00068240806795471392","0.00062393980828115371","0","0","0","0.00037094830599244456","0","0.00052049752699924532","0","0","0.0011793474093589162","0","0.00030762548194891818","0.00050096466404122794","0.0021809909736588248","0.0021412228703287821","0","8.9801239932954841e-05","0","0.00043804619597934071","0","0.00010222664672181277","0.000341432338633254","0","0","0.00013763709683313379","0.00058742403638673522","0.00064082679594523761","0","0","0.00035815482010994763","0.00047130701970151924","0","0.0021438239175316925","0","0.00024757525946418867","0.00091196196863698191","0.0006063776172307232","0","7.0233913122155379e-05","7.8473863188829651e-05","6.1140797212833929e-05","0.00040295179901434251","0","0","0.0017236036814720127","0.00047747198791361239","0","0.0002690920648578595","0.00013240781606893326","0.00034944927428754791","0","0.00015458692591873978","0.00061039912820283352","0","0","0","0","0","0","0.00047974334426905454","0","0.00014221010796337984","6.3608420270750023e-05","0.00052389118029478286","0.00042182854350764033","0.00022031657664888123"
"63","0","0","0","0","0","0","0","2.8679086337482669e-05","2.0775885235321622e-06","0","0","0","0","0","0","0","0","0","0","0","0","0","5.8831059559098042e-06","0","0","6.9682290901300527e-05","0","8.8531990022731096e-05","2.4424439203954407e-05","0","0","1.4022082180257473e-05","0","0","0","8.1954993564744057e-06","0","7.1263539486398478e-05","0","0","0","0","0","4.2034283625272646e-05","2.0949758045309387e-05","5.1490886923985952e-05","0","0","0","0","0","0","1.3762837272731513e-05","0","0","0","0","0","0","0","0","6.1380719075612199e-06","0","3.5004018654054334e-05","0","0","3.8194741778304356e-06","3.5824713959626331e-05","0","0","0","0","0","0","0","0.00024703691187712791","0","0","0","0","0","0","0","5.2776851929452718e-06","0","0","0","0","0","0","0","0","0.00064414840142692868","0","0.0011348313812511203","0","0"
"64","0","0","0","0","0","0","0","0","0","0","0","0","0","0","0","0","0","0.00028537520562824494","0","0","0","0","0","0","0","0","0","0","0","0","0","0","0","0","0","0","0","0","0","0","0","0","0","0","0","0","0","0","0","0","0","0","0","0","0","0","0","0","0","0","0","0","0","0","0","0","0","0","0","0","0","0","0","0","0","0","0","0","0","0","0","0","0","0","0","0","0","0","0","0.0013686292486483698","0","0","0","0","0","0","0"
"65","0","0","0","0","0","0","6.2398436523430583e-05","0","0","0","0","0","0","0","0","2.3899470830569258e-05","0","0","0","0","1.3320599634972389e-05","0","0","0","3.1982094108963176e-05","5.1306960210261657e-05","0","8.5545976331704277e-06","0","0","0","0","0","0","8.8404538548236099e-06","0","0","3.7181730776813535e-05","0","0","0","0","0","8.6804789520153456e-05","0","0","0","0","0","9.9866049024608601e-06","0","2.4576279884990124e-06","0","0","0","0","5.2381207973688581e-06","2.70325154341291e-06","0","0","7.6519318759994668e-06","2.7486540344748821e-05","0","3.3992431764338952e-05","0","0","4.8107647617699802e-05","0","0","0","0","0","1.4608498138012083e-05","0","0","2.3909599380125587e-05","0","0","4.9775887891158085e-08","0.00015143288620092418","0","0","0","0","0","0","0","0","0","2.1810261973703736e-05","0","0","5.6427772511614987e-05","0","0","0","0"
"66","0","0","0","0","0","0","0","0","0","0","0","0","0","0","0","0","0","0","0","0","0","0","0","0","0","0","0","0","0","0","0","0","0","0","0","0","0","0","0","0","0","0","0","0","0","0","0","0","0","0","0.00064020651072950355","0","0","0","0","0","0","0","0","0","0","0","0","0","0","0","0","0","0","0","0","0","0","0","0","0","0","0","0","0","0","0","0","0","0","0","0","0","0","0","0","0","0","0","0","0","0"
"67","0","0","0","0","0","0","0","0","0","0","0","0","0","0","0","0","0","0","0","0","0","0","0","0","0","0","0","0","0","0","0","0","0","0","3.1106976686376418e-05","0","0","0","0","0","0","0","0","0","0","0","0","0","0","0","0","0","0","0","0","0","0","0","0","0","0","0","0","0","0","0","0","0","0","0","0","0","0","0","0","0","0","0","0","0","0","0","0","0","0","0","0","0","0","0","0","0","0","0","0","0","0"
"68","0","0","0","0","0","0","0","0","0","0","0","0","0","0","0","0","0","0","0","0","0","0","0","0","0","0","0","0","0","0","0","0","0","0","0","0","0","0","0","0","0","0","0","0","0","0","0","0","0","0","0","0","0","0","0","0","0","0","0","0","0","0","0","0","0","0","0","0","0","0","0","0","0","0","0","0","0","0","0","0","0","0","0","0","0","0","0","0","0","0","0","0","0","0","0","0","0"
"69","0","0","0","0","0","0","5.8674380793371283e-05","0","0","0","1.7467003371755458e-05","0","0","0","0","0","0","0","0","0","2.8670647917755802e-05","0","5.0449618855567355e-05","0","4.5482093427054365e-05","0","0","0.00016471137586422779","0","0","0","0","0","0","0","0","0","0","0","0","0","0","0","0","0","0","0","0","0","0","0","0","0","0","0","0","0","0","0","0","0","2.6380914780993141e-05","0","0.00010525881477758035","0","0","0","0","0","0","0","0","0","0","0","0","1.8245939195583273e-05","0.00013715549762006592","0","5.0603808267901403e-05","2.3370037597628503e-05","0","0","8.9078410473705051e-05","0","0","0","0","0","0","0","0","0","0","0","0","0"
"70","0","0","0","0","0","0","0","0","0","0","0","0","0","0","0","0","0","0","0","0","0","0","0","0","0","0","0","0","0","0","0","0","0","0","0","0","0","0.0016359483992704927","0","0","0","0","0","0","0","0","0","0","0","0","0","0","0","0","0","0","0","0","0","0","0","0","0","0","0","0","0","0","0","0","0","0","0","0","0","0","0","0","0","0","0","0","0","0","0","0","0","0","0","0","0","0","0","0","0","0","0"
"71","0","8.1496445022527544e-06","0","0","0","0","7.2240199071391227e-06","0","0","0","0","0","0","0","0","0","2.1731733006631361e-05","0","0","0","0","0","0","0","0","5.0985395618476905e-06","0","8.2348958002078269e-06","0","0","0","0","0","0","0","0","0","0","0","0","0","0","0","0","0","0","0","0","0","0","0","0","0.00017734852505213217","0","0","0","0","0","0","0","0","0","0","0","0","1.6564529422195159e-06","2.0579275491195351e-05","0","0","0","0","0","0","0","0","0.00011357552362262174","0","0","0","0","0","0","0","0","0","0","0","0","0","1.4454911264139057e-05","0","0","0.00025121019735674014","0","0.00024797906749815366","0","0"
"72","0","0","0","0","0","0","0","0","0","0","3.5288502744692568e-05","0","0","0","0","0","0","0","0","0","0","0","0","0","0","0","0","0","0","0","0","0","0","0","0","0","0","0","0","0","0","0","0","0","0","0","0","0","0","0","0","0","0","0","0","0","0","0","0","0","0","0","0","0","0","0","0","0","0","0","0","0","0","0","0","0","0","0","0","0","0","0","0","0","0","0","0","0","0","0","0","0","0","0","0","0","0"
"73","0","0","0","0","0","0","0","0","0","0","0","0","0","0","0","0","0","0","0","0","0","0","0","0","0","6.0911890858833703e-05","0","0","0","0","0","0","0","0","0","0","0","0","0","0","0.00010611892434189384","0","0","0","0","0","0","0","0","0","0","0","0","0","0","0","0","0","0","0","0","0.00011181808396390358","0.00037201339999897673","0","0","0","0","0","0","0","0","0","0","0","0","0","0","0","0","0","0","0","0","0","0","0","0","0","0","0","0","0","0","0","0","0","0"
"74","0","4.9143831061428991e-05","0","0","4.1484631755378423e-05","0","0","9.8866626703500508e-06","4.1417248287305536e-06","0","0","0","1.3455171270787324e-06","0","2.8250830051493253e-05","0","0","0","0","0","0","0","0","0","0","0.00015338624229545923","0","0","0","0","3.7641550758008306e-05","7.1728794962458392e-06","0","0","0","2.6485124881792595e-05","0","0","0","0","0","0","0","0","9.0601077167021995e-05","6.7511284733889229e-05","0","0","0","0","0","0","0.0001710632918302759","0","0","0","0","2.2780357853241111e-05","0","0","0","0","0","0","0","0","0","2.4167156471972177e-05","0","0","0","0","0","0","0","7.8596653592439154e-05","0","0","0","0","0","0","0","0","0","0","0","0","0","0","0","0","0.00013492383047504486","0","0.0016761311467220737","0","0"
"[[0, 0.00017094017094017086], [1, 0.015122613741239771], [2, 0.00017094017094017086], [3, 0.00017094017094017086], [4, 0.00017094017094017086], [5, 0.00017094017094017086], [6, 0.00017094017094017086], [7, 0.00017094017094017086], [8, 0.00017094017094017086], [9, 0.00017094017094017086], [10, 0.00017094017094017086], [11, 0.00017094017094017086], [12, 0.00017094017094017086], [13, 0.00017094017094017086], [14, 0.00017094017094017086], [15, 0.00017094017094017086], [16, 0.00017094017094017086], [17, 0.00017094017094017086], [18, 0.020118826760222169], [19, 0.00017094017094017086], [20, 0.00017094017094017086], [21, 0.00017094017094017086], [22, 0.00017094017094017086], [23, 0.00017094017094017086], [24, 0.00017094017094017086], [25, 0.00017094017094017086], [26, 0.00017094017094017086], [27, 0.00017094017094017086], [28, 0.00017094017094017086], [29, 0.00017094017094017086], [30, 0.00017094017094017086], [31, 0.00017094017094017086], [32, 0.00017094017094017086], [33, 0.00017094017094017086], [34, 0.00017094017094017086], [35, 0.00017094017094017086], [36, 0.028995210186716785], [37, 0.00017094017094017086], [38, 0.00017094017094017086], [39, 0.00017094017094017086], [40, 0.00017094017094017086], [41, 0.00017094017094017086], [42, 0.00017094017094017086], [43, 0.00017094017094017086], [44, 0.013415076820716063], [45, 0.014684687572193805], [46, 0.00017094017094017086], [47, 0.00017094017094017086], [48, 0.00017094017094017086], [49, 0.00017094017094017086], [50, 0.00017094017094017086], [51, 0.00017094017094017086], [52, 0.00017094017094017086], [53, 0.00017094017094017086], [54, 0.00017094017094017086], [55, 0.00017094017094017086], [56, 0.00017094017094017086], [57, 0.053874884298309993], [58, 0.00017094017094017086], [59, 0.00017094017094017086], [60, 0.047834093517719126], [61, 0.00017094017094017086], [62, 0.72733489106441096], [63, 0.00017094017094017086], [64, 0.025607384658064995], [65, 0.00017094017094017086], [66, 0.012991452991452986], [67, 0.00017094017094017086], [68, 0.00017094017094017086], [69, 0.015326819612554976], [70, 0.00017094017094017086], [71, 0.00017094017094017086], [72, 0.00017094017094017086], [73, 0.013924828007167229], [74, 0.00017094017094017086]]"
