"round","boughs","blindfold","carp","mobiles","fictions","inventors","inventor","watchman","tole","accidental"
"circle","blindfold","boughs","carp","mobiles","fictions","inventors","inventor","accidental","watchman","tole"
"beads","blindfold","boughs","carp","mobiles","fictions","inventors","inventor","watchman","tole","accidental"
"baby","blindfold","boughs","carp","mobiles","fictions","inventors","inventor","watchman","tole","accidental"
"throw","boughs","blindfold","carp","mobiles","fictions","inventors","inventor","accidental","watchman","tole"
"blindfold","boughs","carp","mobiles","fictions","inventors","inventor","accidental","watchman","tole"
"babe","boughs","blindfold","carp","mobiles","fictions","inventors","inventor","watchman","tole","accidental"
"boy","blindfold","boughs","carp","mobiles","fictions","inventors","inventor","watchman","tole","accidental"
"count","boughs","blindfold","carp","mobiles","fictions","inventors","inventor","accidental","watchman","tole"
"blindfold","boughs","carp","mobiles","fictions","inventors","inventor","accidental","watchman","tole"
"boughs","carp","mobiles","blindfold","fictions","inventors","inventor","watchman","tole","accidental"
"rectangle","boughs","blindfold","carp","mobiles","fictions","inventors","inventor","accidental","watchman","tole"
"blindfold","boughs","carp","mobiles","fictions","inventors","inventor","accidental","watchman","tole"
"blindfold","boughs","carp","mobiles","fictions","inventors","inventor","accidental","watchman","tole"
"blindfold","boughs","carp","mobiles","fictions","inventors","inventor","accidental","watchman","tole"
"blindfold","boughs","carp","mobiles","fictions","inventors","inventor","accidental","watchman","tole"
"truck","boughs","blindfold","carp","mobiles","fictions","inventors","inventor","watchman","tole"
"blindfold","boughs","carp","mobiles","fictions","inventors","inventor","accidental","watchman","tole"
"way","boughs","blindfold","carp","mobiles","fictions","inventors","inventor","watchman","tole"
"person","blindfold","boughs","carp","mobiles","fictions","inventors","inventor","watchman","tole","accidental"
"ladies","blindfold","boughs","carp","mobiles","fictions","inventors","inventor","watchman","tole","accidental"
"blindfold","boughs","carp","mobiles","fictions","inventors","inventor","accidental","watchman","tole"
"blindfold","boughs","carp","mobiles","fictions","inventors","inventor","accidental","watchman","tole"
"blindfold","boughs","carp","mobiles","fictions","inventors","inventor","accidental","watchman","tole"
"noise","boughs","blindfold","carp","mobiles","fictions","inventors","inventor","watchman","tole","accidental"
"blindfold","boughs","carp","mobiles","fictions","inventors","inventor","accidental","watchman","tole"
"blindfold","boughs","carp","mobiles","fictions","inventors","inventor","accidental","watchman","tole"
"put","blindfold","boughs","carp","mobiles","fictions","inventors","inventor","watchman","tole","accidental"
"blindfold","boughs","carp","mobiles","fictions","inventors","inventor","accidental","watchman","tole"
"blindfold","boughs","carp","mobiles","fictions","inventors","inventor","accidental","watchman","tole"
"momma","beds","boughs","blindfold","carp","mobiles","fictions","inventors","inventor","watchman","tole","accidental"
"blindfold","boughs","carp","mobiles","fictions","inventors","inventor","accidental","watchman","tole"
"blindfold","boughs","carp","mobiles","fictions","inventors","inventor","accidental","watchman","tole"
"door","boughs","blindfold","carp","mobiles","fictions","inventors","inventor","accidental","watchman","tole"
"blindfold","boughs","carp","mobiles","fictions","inventors","inventor","watchman","tole","accidental"
"tail","boughs","blindfold","carp","mobiles","fictions","inventors","inventor","watchman","tole","accidental"
"blindfold","boughs","carp","mobiles","fictions","inventors","inventor","accidental","watchman","tole"
"go","blindfold","boughs","carp","mobiles","fictions","inventors","inventor","watchman","tole","accidental"
"put","blindfold","boughs","carp","mobiles","fictions","inventors","inventor","watchman","tole"
"good","blindfold","boughs","carp","mobiles","fictions","inventors","inventor","watchman","tole"
"blindfold","boughs","carp","mobiles","fictions","inventors","inventor","accidental","watchman","tole"
"blindfold","boughs","carp","mobiles","fictions","inventors","inventor","accidental","watchman","tole"
"blindfold","boughs","carp","mobiles","fictions","inventors","inventor","accidental","watchman","tole"
"dad","blindfold","boughs","carp","mobiles","fictions","inventors","inventor","watchman","tole"
"oh","blindfold","boughs","carp","mobiles","fictions","inventors","inventor","watchman","tole","accidental"
"blindfold","boughs","carp","mobiles","fictions","inventors","inventor","accidental","watchman","tole"
"blindfold","boughs","carp","mobiles","fictions","inventors","inventor","accidental","watchman","tole"
"blindfold","boughs","carp","mobiles","fictions","inventors","inventor","accidental","watchman","tole"
"blindfold","boughs","carp","mobiles","fictions","inventors","inventor","accidental","watchman","tole"
"blindfold","boughs","carp","mobiles","fictions","inventors","inventor","accidental","watchman","tole"
"four","boughs","blindfold","carp","mobiles","fictions","inventors","inventor","watchman","tole","accidental"
"blindfold","boughs","carp","mobiles","fictions","inventors","inventor","accidental","watchman","tole"
"blindfold","boughs","carp","mobiles","fictions","inventors","inventor","accidental","watchman","tole"
"blindfold","boughs","carp","mobiles","fictions","inventors","inventor","accidental","watchman","tole"
"dogs","blindfold","boughs","carp","mobiles","fictions","inventors","inventor","watchman","tole","accidental"
"climb","blindfold","boughs","carp","mobiles","fictions","inventors","inventor","watchman","tole"
"sides","boughs","blindfold","carp","mobiles","fictions","inventors","inventor","accidental","watchman","tole"
"blindfold","boughs","carp","mobiles","fictions","inventors","inventor","accidental","watchman","tole"
"boughs","blindfold","carp","mobiles","fictions","inventors","inventor","watchman","tole","accidental"
"blindfold","boughs","carp","mobiles","fictions","inventors","inventor","accidental","watchman","tole"
"blindfold","boughs","carp","mobiles","fictions","inventors","inventor","accidental","watchman","tole"
"blindfold","boughs","carp","mobiles","fictions","inventors","inventor","accidental","watchman","tole"
"inside","blindfold","boughs","carp","mobiles","fictions","inventors","inventor","watchman","tole"
"blindfold","boughs","carp","mobiles","fictions","inventors","inventor","accidental","watchman","tole"
"blindfold","boughs","carp","mobiles","fictions","inventors","inventor","accidental","watchman","tole"
"blindfold","boughs","carp","mobiles","fictions","inventors","inventor","accidental","watchman","tole"
"blindfold","boughs","carp","mobiles","fictions","inventors","inventor","accidental","watchman","tole"
"people","blindfold","boughs","carp","mobiles","fictions","inventors","inventor","watchman","tole","accidental"
"ball","blindfold","boughs","carp","mobiles","fictions","inventors","inventor","watchman","tole","accidental"
"blindfold","boughs","carp","mobiles","fictions","inventors","inventor","accidental","watchman","tole"
"blindfold","boughs","carp","mobiles","fictions","inventors","inventor","accidental","watchman","tole"
"upside","boughs","blindfold","carp","mobiles","fictions","inventors","inventor","watchman","tole","accidental"
"show","boughs","blindfold","carp","mobiles","fictions","inventors","inventor","watchman","tole","accidental"
"blindfold","boughs","carp","mobiles","fictions","inventors","inventor","accidental","watchman","tole"
"blindfold","boughs","carp","mobiles","fictions","inventors","inventor","watchman","tole","accidental"
"go","blindfold","boughs","carp","mobiles","fictions","inventors","inventor","watchman","tole","accidental"
"get","boughs","blindfold","carp","mobiles","fictions","inventors","inventor","watchman","tole"
"knock","watching","blindfold","boughs","carp","mobiles","fictions","inventors","inventor","watchman","tole"
"blindfold","boughs","carp","mobiles","fictions","inventors","inventor","accidental","watchman","tole"
"blindfold","boughs","carp","mobiles","fictions","inventors","inventor","accidental","watchman","tole"
"fit","boughs","blindfold","carp","mobiles","fictions","inventors","inventor","accidental","watchman","tole"
"blocks","blindfold","boughs","carp","mobiles","fictions","inventors","inventor","watchman","tole","accidental"
"put","blindfold","boughs","carp","mobiles","fictions","inventors","inventor","watchman","tole","accidental"
"line","boughs","blindfold","carp","mobiles","fictions","inventors","inventor","watchman","tole","accidental"
"blindfold","boughs","carp","mobiles","fictions","inventors","inventor","accidental","watchman","tole"
"find","blindfold","boughs","carp","mobiles","fictions","inventors","inventor","watchman","tole"
"see","blindfold","boughs","carp","mobiles","fictions","inventors","inventor","watchman","tole","accidental"
"blindfold","boughs","carp","mobiles","fictions","inventors","inventor","accidental","watchman","tole"
"squares","blindfold","boughs","carp","mobiles","fictions","inventors","inventor","accidental","watchman","tole"
"blindfold","boughs","carp","mobiles","fictions","inventors","inventor","accidental","watchman","tole"
"blindfold","boughs","carp","mobiles","fictions","inventors","inventor","accidental","watchman","tole"
"boughs","blindfold","carp","mobiles","fictions","inventors","inventor","accidental","watchman","tole"
"blindfold","boughs","carp","mobiles","fictions","inventors","inventor","accidental","watchman","tole"
"like","blindfold","boughs","carp","mobiles","fictions","inventors","inventor","watchman","tole"
"puts","picks","mobiles","carp","boughs","tole","watchman","fictions","inventors","inventor"
"oh","blindfold","boughs","carp","mobiles","fictions","inventors","inventor","watchman","tole","accidental"
"look","blindfold","boughs","carp","mobiles","fictions","inventors","inventor","watchman","tole","accidental"
"blindfold","boughs","carp","mobiles","fictions","inventors","inventor","accidental","watchman","tole"
"red","boughs","blindfold","carp","mobiles","fictions","inventors","inventor","accidental","watchman","tole"
"blindfold","boughs","carp","mobiles","fictions","inventors","inventor","accidental","watchman","tole"
"blindfold","boughs","carp","mobiles","fictions","inventors","inventor","accidental","watchman","tole"
"blindfold","boughs","carp","mobiles","fictions","inventors","inventor","accidental","watchman","tole"
"blindfold","boughs","carp","mobiles","fictions","inventors","inventor","accidental","watchman","tole"
"blindfold","boughs","carp","mobiles","fictions","inventors","inventor","accidental","watchman","tole"
"blindfold","boughs","carp","mobiles","fictions","inventors","inventor","accidental","watchman","tole"
"start","ground","boughs","blindfold","mobiles","fictions","inventors","inventor","watchman","tole","carp"
"sleep","sleeping","standing","boughs","blindfold","carp","fictions","inventors","inventor","mobiles","watchman","tole"
"kind","blindfold","boughs","carp","mobiles","fictions","inventors","inventor","accidental","watchman","tole"
"blindfold","boughs","carp","mobiles","fictions","inventors","inventor","accidental","watchman","tole"
"let","blindfold","boughs","carp","mobiles","fictions","inventors","inventor","watchman","tole","accidental"
"keep","blindfold","boughs","carp","mobiles","fictions","inventors","inventor","accidental","watchman","tole"
"blindfold","boughs","carp","mobiles","fictions","inventors","inventor","accidental","watchman","tole"
"blindfold","boughs","carp","mobiles","fictions","inventors","inventor","accidental","watchman","tole"
"blindfold","boughs","carp","mobiles","fictions","inventors","inventor","accidental","watchman","tole"
"put","blindfold","boughs","carp","mobiles","fictions","inventors","inventor","watchman","tole","accidental"
"store","blindfold","boughs","carp","mobiles","fictions","inventors","inventor","watchman","tole","accidental"
"turn","blindfold","boughs","carp","mobiles","fictions","inventors","inventor","accidental","watchman","tole"
"blindfold","boughs","carp","mobiles","fictions","inventors","inventor","accidental","watchman","tole"
"blindfold","boughs","carp","mobiles","fictions","inventors","inventor","accidental","watchman","tole"
"blindfold","boughs","carp","mobiles","fictions","inventors","inventor","accidental","watchman","tole"
"build","blindfold","boughs","carp","mobiles","fictions","inventors","inventor","watchman","tole"
"blindfold","boughs","carp","mobiles","fictions","inventors","inventor","accidental","watchman","tole"
"blindfold","boughs","carp","mobiles","fictions","inventors","inventor","accidental","watchman","tole"
"give","boughs","blindfold","carp","mobiles","fictions","inventors","inventor","watchman","tole"
"blindfold","boughs","carp","mobiles","fictions","inventors","inventor","watchman","tole"
"hole","boughs","blindfold","carp","mobiles","fictions","inventors","inventor","accidental","watchman","tole"
"blindfold","boughs","carp","mobiles","fictions","inventors","inventor","accidental","watchman","tole"
"blindfold","boughs","carp","mobiles","fictions","inventors","inventor","accidental","watchman","tole"
"place","blindfold","boughs","carp","mobiles","fictions","inventors","inventor","watchman","tole","accidental"
"blindfold","boughs","carp","mobiles","fictions","inventors","inventor","accidental","watchman","tole"
"blindfold","boughs","carp","mobiles","fictions","inventors","inventor","accidental","watchman","tole"
"blindfold","boughs","carp","mobiles","fictions","inventors","inventor","accidental","watchman","tole"
"blindfold","boughs","carp","mobiles","fictions","inventors","inventor","accidental","watchman","tole"
"blindfold","boughs","carp","mobiles","fictions","inventors","inventor","accidental","watchman","tole"
"blindfold","boughs","carp","mobiles","fictions","inventors","inventor","accidental","watchman","tole"
"blindfold","boughs","carp","mobiles","fictions","inventors","inventor","accidental","watchman","tole"
"go","blindfold","boughs","carp","mobiles","fictions","inventors","inventor","watchman","tole","accidental"
"turn","blindfold","boughs","carp","mobiles","fictions","inventors","inventor","accidental","watchman","tole"
"blindfold","boughs","carp","mobiles","fictions","inventors","inventor","accidental","watchman","tole"
"go","get","boughs","carp","blindfold","mobiles","fictions","inventors","inventor","watchman","tole"
"blindfold","boughs","carp","mobiles","fictions","inventors","inventor","accidental","watchman","tole"
"mommy","blindfold","boughs","carp","mobiles","fictions","inventors","inventor","watchman","tole"
"bet","blindfold","boughs","carp","mobiles","fictions","inventors","inventor","accidental","watchman","tole"
"found","boughs","carp","mobiles","fictions","inventors","inventor","watchman","tole","blindfold"
"blindfold","boughs","carp","mobiles","fictions","inventors","inventor","accidental","watchman","tole"
"blindfold","boughs","carp","mobiles","fictions","inventors","inventor","accidental","watchman","tole"
"blindfold","boughs","carp","mobiles","fictions","inventors","inventor","accidental","watchman","tole"
"blindfold","boughs","carp","mobiles","fictions","inventors","inventor","accidental","watchman","tole"
"look","blindfold","boughs","carp","mobiles","fictions","inventors","inventor","watchman","tole","accidental"
"stairs","boughs","blindfold","carp","mobiles","fictions","inventors","inventor","accidental","watchman","tole"
"orange","blindfold","boughs","carp","mobiles","fictions","inventors","inventor","watchman","tole"
"blindfold","boughs","carp","mobiles","fictions","inventors","inventor","accidental","watchman","tole"
"mine","blindfold","boughs","carp","mobiles","fictions","inventors","inventor","watchman","tole","accidental"
"square","blindfold","boughs","carp","mobiles","fictions","inventors","inventor","watchman","tole"
"blindfold","boughs","carp","mobiles","fictions","inventors","inventor","accidental","watchman","tole"
"blindfold","boughs","carp","mobiles","fictions","inventors","inventor","accidental","watchman","tole"
"blindfold","boughs","carp","mobiles","fictions","inventors","inventor","accidental","watchman","tole"
"sweetheart","blindfold","boughs","carp","mobiles","fictions","inventors","inventor","watchman","tole","accidental"
"touch","blindfold","boughs","carp","mobiles","fictions","inventors","inventor","watchman","tole","accidental"
"blindfold","boughs","carp","mobiles","fictions","inventors","inventor","accidental","watchman","tole"
"home","blindfold","boughs","carp","mobiles","fictions","inventors","inventor","watchman","tole"
"blindfold","boughs","carp","mobiles","fictions","inventors","inventor","accidental","watchman","tole"
"blindfold","boughs","carp","mobiles","fictions","inventors","inventor","accidental","watchman","tole"
"blindfold","boughs","carp","mobiles","fictions","inventors","inventor","accidental","watchman","tole"
"goes","blindfold","boughs","carp","mobiles","fictions","inventors","inventor","accidental","watchman","tole"
"blindfold","boughs","carp","mobiles","fictions","inventors","inventor","accidental","watchman","tole"
"blindfold","boughs","carp","mobiles","fictions","inventors","inventor","accidental","watchman","tole"
"go","blindfold","boughs","carp","mobiles","fictions","inventors","inventor","watchman","tole","accidental"
"drive","boughs","blindfold","carp","mobiles","fictions","inventors","inventor","watchman","tole","accidental"
"box","blindfold","boughs","carp","mobiles","fictions","inventors","inventor","watchman","tole"
"girl","blindfold","boughs","carp","mobiles","fictions","inventors","inventor","watchman","tole","accidental"
"blindfold","boughs","carp","mobiles","fictions","inventors","inventor","accidental","watchman","tole"
"doggie","boughs","blindfold","carp","mobiles","fictions","inventors","inventor","watchman","tole","accidental"
"go","blindfold","boughs","carp","mobiles","fictions","inventors","inventor","watchman","tole"
"blindfold","boughs","carp","mobiles","fictions","inventors","inventor","accidental","watchman","tole"
"need","help","go","boughs","blindfold","mobiles","fictions","inventors","inventor","watchman","tole","carp"
"honey","blindfold","boughs","carp","mobiles","fictions","inventors","inventor","watchman","tole","accidental"
"blindfold","boughs","carp","mobiles","fictions","inventors","inventor","accidental","watchman","tole"
"boughs","carp","mobiles","blindfold","fictions","inventors","inventor","watchman","tole","accidental"
"fun","points","blindfold","boughs","carp","mobiles","fictions","inventors","inventor","watchman","tole"
"blindfold","boughs","carp","mobiles","fictions","inventors","inventor","accidental","watchman","tole"
"blindfold","boughs","carp","mobiles","fictions","inventors","inventor","accidental","watchman","tole"
"hm","blindfold","boughs","carp","mobiles","fictions","inventors","inventor","watchman","tole"
"blindfold","boughs","carp","mobiles","fictions","inventors","inventor","accidental","watchman","tole"
"blindfold","boughs","carp","mobiles","fictions","inventors","inventor","accidental","watchman","tole"
"basketball","boughs","blindfold","carp","mobiles","fictions","inventors","inventor","watchman","tole"
"blindfold","boughs","carp","mobiles","fictions","inventors","inventor","accidental","watchman","tole"
"things","blindfold","boughs","carp","mobiles","fictions","inventors","inventor","watchman","tole","accidental"
"one","blindfold","boughs","carp","mobiles","fictions","inventors","inventor","watchman","tole","accidental"
"balls","boughs","carp","mobiles","blindfold","fictions","inventors","inventor","watchman","tole"
"put","blindfold","boughs","carp","mobiles","fictions","inventors","inventor","watchman","tole","accidental"
"blindfold","boughs","carp","mobiles","fictions","inventors","inventor","accidental","watchman","tole"
"blindfold","boughs","carp","mobiles","fictions","inventors","inventor","accidental","watchman","tole"
"goes","blindfold","boughs","carp","mobiles","fictions","inventors","inventor","accidental","watchman","tole"
"boughs","blindfold","carp","mobiles","fictions","inventors","inventor","watchman","tole","accidental"
"top","blindfold","boughs","carp","mobiles","fictions","inventors","inventor","accidental","watchman","tole"
"think","blindfold","boughs","carp","mobiles","fictions","inventors","inventor","accidental","watchman","tole"
"boughs","blindfold","carp","mobiles","fictions","inventors","inventor","accidental","watchman","tole"
"blindfold","boughs","carp","mobiles","fictions","inventors","inventor","accidental","watchman","tole"
"blindfold","boughs","carp","mobiles","fictions","inventors","inventor","accidental","watchman","tole"
"blindfold","boughs","carp","mobiles","fictions","inventors","inventor","accidental","watchman","tole"
"high","blindfold","boughs","carp","mobiles","fictions","inventors","inventor","accidental","watchman","tole"
"blindfold","boughs","carp","mobiles","fictions","inventors","inventor","accidental","watchman","tole"
"watch","boughs","blindfold","carp","mobiles","fictions","inventors","inventor","watchman","tole"
"first","boughs","blindfold","carp","mobiles","fictions","inventors","inventor","watchman","tole","accidental"
"blindfold","boughs","carp","mobiles","fictions","inventors","inventor","accidental","watchman","tole"
"blindfold","boughs","carp","mobiles","fictions","inventors","inventor","accidental","watchman","tole"
"blindfold","boughs","carp","mobiles","fictions","inventors","inventor","accidental","watchman","tole"
"time","blindfold","boughs","carp","mobiles","fictions","inventors","inventor","watchman","tole","accidental"
"makin","boughs","blindfold","carp","mobiles","fictions","inventors","inventor","watchman","tole","accidental"
"put","blindfold","boughs","carp","mobiles","fictions","inventors","inventor","watchman","tole","accidental"
"blindfold","boughs","carp","mobiles","fictions","inventors","inventor","accidental","watchman","tole"
"basket","blindfold","boughs","carp","mobiles","fictions","inventors","inventor","watchman","tole","accidental"
"blindfold","boughs","carp","mobiles","fictions","inventors","inventor","accidental","watchman","tole"
"ride","go","blindfold","boughs","carp","mobiles","fictions","inventors","inventor","watchman","tole"
"open","blindfold","boughs","carp","mobiles","fictions","inventors","inventor","watchman","tole","accidental"
"must","mama","boughs","blindfold","carp","mobiles","fictions","inventors","inventor","watchman","tole","accidental"
"rides","boughs","blindfold","carp","mobiles","fictions","inventors","inventor","accidental","watchman","tole"
"blindfold","boughs","carp","mobiles","fictions","inventors","inventor","accidental","watchman","tole"
"blindfold","boughs","carp","mobiles","fictions","inventors","inventor","accidental","watchman","tole"
"play","blindfold","boughs","carp","mobiles","fictions","inventors","inventor","accidental","watchman","tole"
"blindfold","boughs","carp","mobiles","fictions","inventors","inventor","accidental","watchman","tole"
"blindfold","boughs","carp","mobiles","fictions","inventors","inventor","accidental","watchman","tole"
"blindfold","boughs","carp","mobiles","fictions","inventors","inventor","accidental","watchman","tole"
"mom","boughs","blindfold","carp","mobiles","fictions","inventors","inventor","watchman","tole","accidental"
"blindfold","boughs","carp","mobiles","fictions","inventors","inventor","accidental","watchman","tole"
"cup","put","blindfold","boughs","carp","mobiles","fictions","inventors","inventor","watchman","tole","accidental"
"blindfold","boughs","carp","mobiles","fictions","inventors","inventor","accidental","watchman","tole"
"blindfold","boughs","carp","mobiles","fictions","inventors","inventor","accidental","watchman","tole"
"boughs","blindfold","carp","mobiles","fictions","inventors","inventor","watchman","tole","accidental"
"blindfold","boughs","carp","mobiles","fictions","inventors","inventor","accidental","watchman","tole"
"table","blindfold","boughs","carp","mobiles","fictions","inventors","inventor","watchman","tole","accidental"
"want","blindfold","boughs","carp","mobiles","fictions","inventors","inventor","watchman","tole","accidental"
"blindfold","boughs","carp","mobiles","fictions","inventors","inventor","accidental","watchman","tole"
"blindfold","boughs","carp","mobiles","fictions","inventors","inventor","watchman","tole","accidental"
"bit","blindfold","boughs","carp","mobiles","fictions","inventors","inventor","watchman","tole","accidental"
"blindfold","boughs","carp","mobiles","fictions","inventors","inventor","accidental","watchman","tole"
"blindfold","boughs","carp","mobiles","fictions","inventors","inventor","accidental","watchman","tole"
"blindfold","boughs","carp","mobiles","fictions","inventors","inventor","accidental","watchman","tole"
"blindfold","boughs","carp","mobiles","fictions","inventors","inventor","accidental","watchman","tole"
"tower","crash","boughs","carp","mobiles","blindfold","fictions","inventors","inventor","watchman","tole"
"want","put","blindfold","boughs","carp","mobiles","fictions","inventors","inventor","watchman","tole"
"blindfold","boughs","carp","mobiles","fictions","inventors","inventor","accidental","watchman","tole"
"color","blindfold","boughs","carp","mobiles","fictions","inventors","inventor","accidental","watchman","tole"
"go","get","boughs","carp","blindfold","mobiles","fictions","inventors","inventor","watchman","tole"
"try","boughs","blindfold","carp","mobiles","fictions","inventors","inventor","watchman","tole","accidental"
"blindfold","boughs","carp","mobiles","fictions","inventors","inventor","accidental","watchman","tole"
"blindfold","boughs","carp","mobiles","fictions","inventors","inventor","watchman","tole"
"makes","boughs","blindfold","carp","mobiles","fictions","inventors","inventor","watchman","tole","accidental"
"blindfold","boughs","carp","mobiles","fictions","inventors","inventor","accidental","watchman","tole"
"blindfold","boughs","carp","mobiles","fictions","inventors","inventor","accidental","watchman","tole"
"comes","blindfold","boughs","carp","mobiles","fictions","inventors","inventor","watchman","tole","accidental"
"blindfold","boughs","carp","mobiles","fictions","inventors","inventor","accidental","watchman","tole"
"blindfold","boughs","carp","mobiles","fictions","inventors","inventor","accidental","watchman","tole"
"put","blindfold","carp","boughs","mobiles","fictions","inventors","inventor","watchman","tole"
"blindfold","boughs","carp","mobiles","fictions","inventors","inventor","accidental","watchman","tole"
"left","boughs","blindfold","carp","mobiles","fictions","inventors","inventor","accidental","watchman","tole"
"mommy","blindfold","boughs","carp","mobiles","fictions","inventors","inventor","watchman","tole"
"doll","boughs","blindfold","carp","mobiles","fictions","inventors","inventor","watchman","tole","accidental"
"papa","boughs","blindfold","carp","mobiles","fictions","inventors","inventor","watchman","tole","accidental"
"blindfold","boughs","carp","mobiles","fictions","inventors","inventor","watchman","tole","accidental"
"bed","blindfold","boughs","carp","mobiles","fictions","inventors","inventor","watchman","tole","accidental"
"blindfold","boughs","carp","mobiles","fictions","inventors","inventor","accidental","watchman","tole"
"man","chickens","blindfold","boughs","carp","fictions","inventors","inventor","watchman","tole","mobiles"
"blindfold","boughs","carp","mobiles","fictions","inventors","inventor","accidental","watchman","tole"
"blindfold","boughs","carp","mobiles","fictions","inventors","inventor","accidental","watchman","tole"
"hm","blindfold","boughs","carp","mobiles","fictions","inventors","inventor","watchman","tole"
"chick","blindfold","boughs","carp","mobiles","fictions","inventors","inventor","watchman","tole"
"blindfold","boughs","carp","mobiles","fictions","inventors","inventor","accidental","watchman","tole"
"blindfold","boughs","carp","mobiles","fictions","inventors","inventor","accidental","watchman","tole"
"blindfold","boughs","carp","mobiles","fictions","inventors","inventor","accidental","watchman","tole"
"woof","carp","boughs","mobiles","tole","fictions","inventors","inventor","watchman"
"blindfold","boughs","carp","mobiles","fictions","inventors","inventor","accidental","watchman","tole"
"car","blindfold","boughs","carp","mobiles","fictions","inventors","inventor","watchman","tole","accidental"
"blindfold","boughs","carp","mobiles","fictions","inventors","inventor","accidental","watchman","tole"
"go","blindfold","boughs","carp","mobiles","fictions","inventors","inventor","watchman","tole","accidental"
"put","blindfold","boughs","carp","mobiles","fictions","inventors","inventor","watchman","tole","accidental"
"wait","shape","blindfold","boughs","carp","mobiles","fictions","inventors","inventor","watchman","tole","accidental"
"yellow","blindfold","boughs","carp","mobiles","fictions","inventors","inventor","watchman","tole"
"blindfold","boughs","carp","mobiles","fictions","inventors","inventor","accidental","watchman","tole"
"old","lady","blindfold","boughs","carp","mobiles","fictions","inventors","inventor","watchman","tole"
"blindfold","boughs","carp","mobiles","fictions","inventors","inventor","accidental","watchman","tole"
"blindfold","boughs","carp","mobiles","fictions","inventors","inventor","accidental","watchman","tole"
"boom","blindfold","boughs","carp","mobiles","fictions","inventors","inventor","watchman","tole"
"green","boughs","carp","blindfold","mobiles","fictions","inventors","inventor","watchman","tole"
"blindfold","boughs","carp","mobiles","fictions","inventors","inventor","accidental","watchman","tole"
"blindfold","boughs","carp","mobiles","fictions","inventors","inventor","accidental","watchman","tole"
"blindfold","boughs","carp","mobiles","fictions","inventors","inventor","accidental","watchman","tole"
"blindfold","boughs","carp","mobiles","fictions","inventors","inventor","accidental","watchman","tole"
"chair","blindfold","boughs","carp","mobiles","fictions","inventors","inventor","watchman","tole"
"blindfold","boughs","carp","mobiles","fictions","inventors","inventor","accidental","watchman","tole"
"food","plates","boughs","blindfold","carp","fictions","inventors","inventor","watchman","tole","mobiles"
"chair","blindfold","boughs","carp","mobiles","fictions","inventors","inventor","watchman","tole"
"stand","blindfold","boughs","carp","mobiles","fictions","inventors","inventor","watchman","tole","accidental"
"dog","blindfold","boughs","carp","mobiles","fictions","inventors","inventor","watchman","tole","accidental"
"break","boughs","blindfold","carp","mobiles","fictions","inventors","inventor","accidental","watchman","tole"
"daddy","da","blindfold","boughs","carp","fictions","inventors","inventor","watchman","tole","mobiles"
"blindfold","boughs","carp","mobiles","fictions","inventors","inventor","accidental","watchman","tole"
"blindfold","boughs","carp","mobiles","fictions","inventors","inventor","accidental","watchman","tole"
"way","boughs","blindfold","carp","mobiles","fictions","inventors","inventor","watchman","tole"
"blindfold","boughs","carp","mobiles","fictions","inventors","inventor","accidental","watchman","tole"
"ones","boughs","blindfold","carp","mobiles","fictions","inventors","inventor","accidental","watchman","tole"
"boy","blindfold","boughs","carp","mobiles","fictions","inventors","inventor","watchman","tole","accidental"
"morning","boughs","blindfold","carp","mobiles","fictions","inventors","inventor","watchman","tole","accidental"
"walk","blindfold","boughs","carp","mobiles","fictions","inventors","inventor","watchman","tole","accidental"
"want","blindfold","boughs","carp","mobiles","fictions","inventors","inventor","watchman","tole","accidental"
"pull","boughs","blindfold","carp","mobiles","fictions","inventors","inventor","accidental","watchman","tole"
"five","boughs","blindfold","carp","mobiles","fictions","inventors","inventor","accidental","watchman","tole"
"blindfold","boughs","carp","mobiles","fictions","inventors","inventor","accidental","watchman","tole"
"blindfold","boughs","carp","mobiles","fictions","inventors","inventor","accidental","watchman","tole"
"bye","boughs","blindfold","carp","mobiles","fictions","inventors","inventor","accidental","watchman","tole"
"minutes","blindfold","boughs","carp","mobiles","fictions","inventors","inventor","watchman","tole","accidental"
"blindfold","boughs","carp","mobiles","fictions","inventors","inventor","accidental","watchman","tole"
"blindfold","boughs","carp","mobiles","fictions","inventors","inventor","accidental","watchman","tole"
"thought","boughs","blindfold","carp","mobiles","fictions","inventors","inventor","watchman","tole","accidental"
"blindfold","boughs","carp","mobiles","fictions","inventors","inventor","accidental","watchman","tole"
"blindfold","boughs","carp","mobiles","fictions","inventors","inventor","accidental","watchman","tole"
"blindfold","boughs","carp","mobiles","fictions","inventors","inventor","accidental","watchman","tole"
"blindfold","boughs","carp","mobiles","fictions","inventors","inventor","accidental","watchman","tole"
"blindfold","boughs","carp","mobiles","fictions","inventors","inventor","accidental","watchman","tole"
"blindfold","boughs","carp","mobiles","fictions","inventors","inventor","accidental","watchman","tole"
"blindfold","boughs","carp","mobiles","fictions","inventors","inventor","accidental","watchman","tole"
"boughs","blindfold","carp","mobiles","fictions","inventors","inventor","watchman","tole","accidental"
"blindfold","boughs","carp","mobiles","fictions","inventors","inventor","accidental","watchman","tole"
"blindfold","boughs","carp","mobiles","fictions","inventors","inventor","accidental","watchman","tole"
"blindfold","boughs","carp","mobiles","fictions","inventors","inventor","accidental","watchman","tole"
"blindfold","boughs","carp","mobiles","fictions","inventors","inventor","accidental","watchman","tole"
"blindfold","boughs","carp","mobiles","fictions","inventors","inventor","accidental","watchman","tole"
"blindfold","boughs","carp","mobiles","fictions","inventors","inventor","accidental","watchman","tole"
"back","put","boughs","blindfold","mobiles","fictions","inventors","inventor","watchman","tole","carp"
"two","boughs","blindfold","carp","mobiles","fictions","inventors","inventor","watchman","tole"
"blindfold","boughs","carp","mobiles","fictions","inventors","inventor","accidental","watchman","tole"
"blindfold","boughs","carp","mobiles","fictions","inventors","inventor","accidental","watchman","tole"
"boughs","blindfold","carp","mobiles","fictions","inventors","inventor","watchman","tole"
"blindfold","boughs","carp","mobiles","fictions","inventors","inventor","accidental","watchman","tole"
"worry","boughs","blindfold","carp","mobiles","fictions","inventors","inventor","watchman","tole","accidental"
"one","blindfold","boughs","carp","mobiles","fictions","inventors","inventor","watchman","tole","accidental"
"blindfold","boughs","carp","mobiles","fictions","inventors","inventor","accidental","watchman","tole"
"blindfold","boughs","carp","mobiles","fictions","inventors","inventor","accidental","watchman","tole"
"blindfold","boughs","carp","mobiles","fictions","inventors","inventor","accidental","watchman","tole"
"look","blindfold","boughs","carp","mobiles","fictions","inventors","inventor","watchman","tole","accidental"
"boughs","blindfold","carp","mobiles","fictions","inventors","inventor","watchman","tole","accidental"
"white","cowboy","boughs","blindfold","carp","mobiles","fictions","inventors","inventor","watchman","tole"
"blindfold","boughs","carp","mobiles","fictions","inventors","inventor","accidental","watchman","tole"
"doors","blindfold","boughs","carp","mobiles","fictions","inventors","inventor","watchman","tole","accidental"
"cars","blindfold","boughs","carp","mobiles","fictions","inventors","inventor","watchman","tole","accidental"
"like","blindfold","boughs","carp","mobiles","fictions","inventors","inventor","watchman","tole"
"blindfold","boughs","carp","mobiles","fictions","inventors","inventor","watchman","tole","accidental"
"boughs","blindfold","carp","mobiles","fictions","inventors","inventor","accidental","watchman","tole"
"blindfold","boughs","carp","mobiles","fictions","inventors","inventor","accidental","watchman","tole"
"blindfold","boughs","carp","mobiles","fictions","inventors","inventor","accidental","watchman","tole"
"blindfold","boughs","carp","mobiles","fictions","inventors","inventor","accidental","watchman","tole"
"kid","boughs","blindfold","carp","mobiles","fictions","inventors","inventor","watchman","tole","accidental"
"blindfold","boughs","carp","mobiles","fictions","inventors","inventor","watchman","tole","accidental"
"hat","blindfold","boughs","carp","mobiles","fictions","inventors","inventor","watchman","tole","accidental"
"blindfold","boughs","carp","mobiles","fictions","inventors","inventor","accidental","watchman","tole"
"ball","blindfold","boughs","carp","mobiles","fictions","inventors","inventor","watchman","tole","accidental"
"blindfold","boughs","carp","mobiles","fictions","inventors","inventor","accidental","watchman","tole"
"blindfold","boughs","carp","mobiles","fictions","inventors","inventor","accidental","watchman","tole"
"hm","blindfold","boughs","carp","mobiles","fictions","inventors","inventor","watchman","tole"
"blindfold","boughs","carp","mobiles","fictions","inventors","inventor","accidental","watchman","tole"
"guys","blindfold","boughs","carp","mobiles","fictions","inventors","inventor","watchman","tole"
"blindfold","boughs","carp","mobiles","fictions","inventors","inventor","accidental","watchman","tole"
"blindfold","boughs","carp","mobiles","fictions","inventors","inventor","accidental","watchman","tole"
"blindfold","boughs","carp","mobiles","fictions","inventors","inventor","accidental","watchman","tole"
"blindfold","boughs","carp","mobiles","fictions","inventors","inventor","accidental","watchman","tole"
"blindfold","boughs","carp","mobiles","fictions","inventors","inventor","accidental","watchman","tole"
"one","blindfold","boughs","carp","mobiles","fictions","inventors","inventor","watchman","tole","accidental"
"blue","blindfold","boughs","carp","mobiles","fictions","inventors","inventor","watchman","tole"
"mamma","boughs","blindfold","carp","mobiles","fictions","inventors","inventor","accidental","watchman","tole"
"blindfold","boughs","carp","mobiles","fictions","inventors","inventor","accidental","watchman","tole"
"blindfold","boughs","carp","mobiles","fictions","inventors","inventor","accidental","watchman","tole"
"blindfold","boughs","carp","mobiles","fictions","inventors","inventor","watchman","tole","accidental"
"blindfold","boughs","carp","mobiles","fictions","inventors","inventor","accidental","watchman","tole"
"blindfold","boughs","carp","mobiles","fictions","inventors","inventor","accidental","watchman","tole"
"circles","blindfold","boughs","carp","mobiles","fictions","inventors","inventor","accidental","watchman","tole"
"blindfold","boughs","carp","mobiles","fictions","inventors","inventor","accidental","watchman","tole"
"blindfold","boughs","carp","mobiles","fictions","inventors","inventor","accidental","watchman","tole"
"put","blindfold","boughs","carp","mobiles","fictions","inventors","inventor","watchman","tole","accidental"
"blindfold","boughs","carp","mobiles","fictions","inventors","inventor","accidental","watchman","tole"
"blindfold","boughs","carp","mobiles","fictions","inventors","inventor","accidental","watchman","tole"
"table","blindfold","boughs","carp","mobiles","fictions","inventors","inventor","watchman","tole","accidental"
"blindfold","boughs","carp","mobiles","fictions","inventors","inventor","accidental","watchman","tole"
"blindfold","boughs","carp","mobiles","fictions","inventors","inventor","accidental","watchman","tole"
"blindfold","boughs","carp","mobiles","fictions","inventors","inventor","accidental","watchman","tole"
"blindfold","boughs","carp","mobiles","fictions","inventors","inventor","accidental","watchman","tole"
"whoop","blindfold","boughs","carp","mobiles","fictions","inventors","inventor","watchman","tole","accidental"
"blindfold","boughs","carp","mobiles","fictions","inventors","inventor","accidental","watchman","tole"
"blindfold","boughs","carp","mobiles","fictions","inventors","inventor","accidental","watchman","tole"
"blindfold","boughs","carp","mobiles","fictions","inventors","inventor","accidental","watchman","tole"
"stack","blindfold","boughs","carp","mobiles","fictions","inventors","inventor","watchman","tole","accidental"
"go","blindfold","boughs","carp","mobiles","fictions","inventors","inventor","watchman","tole","accidental"
"move","picnic","blindfold","boughs","carp","mobiles","fictions","inventors","inventor","watchman","tole","accidental"
"blindfold","boughs","carp","mobiles","fictions","inventors","inventor","accidental","watchman","tole"
"blindfold","boughs","carp","mobiles","fictions","inventors","inventor","accidental","watchman","tole"
"three","one","blindfold","boughs","carp","mobiles","fictions","inventors","inventor","watchman","tole","accidental"
"blindfold","boughs","carp","mobiles","fictions","inventors","inventor","accidental","watchman","tole"
"boughs","blindfold","carp","mobiles","fictions","inventors","inventor","accidental","watchman","tole"
"blindfold","boughs","carp","mobiles","fictions","inventors","inventor","accidental","watchman","tole"
"blindfold","boughs","carp","mobiles","fictions","inventors","inventor","accidental","watchman","tole"
"block","blindfold","boughs","carp","mobiles","fictions","inventors","inventor","accidental","watchman","tole"
"blindfold","boughs","carp","mobiles","fictions","inventors","inventor","accidental","watchman","tole"
"fits","boughs","blindfold","carp","mobiles","fictions","inventors","inventor","accidental","watchman","tole"
"step","boughs","blindfold","carp","mobiles","fictions","inventors","inventor","watchman","tole","accidental"
"blindfold","boughs","carp","mobiles","fictions","inventors","inventor","accidental","watchman","tole"
"mm","blindfold","boughs","carp","mobiles","fictions","inventors","inventor","watchman","tole"
"blindfold","boughs","carp","mobiles","fictions","inventors","inventor","accidental","watchman","tole"
"take","blindfold","boughs","carp","mobiles","fictions","inventors","inventor","watchman","tole","accidental"
"go","blindfold","boughs","carp","mobiles","fictions","inventors","inventor","watchman","tole"
"turning","blindfold","boughs","carp","mobiles","fictions","inventors","inventor","accidental","watchman","tole"
"holes","blindfold","boughs","carp","mobiles","fictions","inventors","inventor","accidental","watchman","tole"
"blindfold","boughs","carp","mobiles","fictions","inventors","inventor","accidental","watchman","tole"
"blindfold","boughs","carp","mobiles","fictions","inventors","inventor","accidental","watchman","tole"
"cups","blindfold","boughs","carp","mobiles","fictions","inventors","inventor","accidental","watchman","tole"
"know","blindfold","boughs","carp","mobiles","fictions","inventors","inventor","watchman","tole","accidental"
"blindfold","boughs","carp","mobiles","fictions","inventors","inventor","accidental","watchman","tole"
"mm","blindfold","boughs","carp","mobiles","fictions","inventors","inventor","watchman","tole"
"blindfold","boughs","carp","mobiles","fictions","inventors","inventor","accidental","watchman","tole"
"blindfold","boughs","carp","mobiles","fictions","inventors","inventor","watchman","tole","accidental"
"blindfold","boughs","carp","mobiles","fictions","inventors","inventor","accidental","watchman","tole"
"outside","blindfold","boughs","carp","mobiles","fictions","inventors","inventor","watchman","tole"
"blindfold","boughs","carp","mobiles","fictions","inventors","inventor","accidental","watchman","tole"
"blindfold","boughs","carp","mobiles","fictions","inventors","inventor","accidental","watchman","tole"
"boughs","blindfold","carp","mobiles","fictions","inventors","inventor","watchman","tole","accidental"
"chicken","boughs","blindfold","carp","mobiles","fictions","inventors","inventor","watchman","tole"
"come","boughs","blindfold","carp","mobiles","fictions","inventors","inventor","accidental","watchman","tole"
"children","blindfold","boughs","carp","mobiles","fictions","inventors","inventor","watchman","tole","accidental"
"blindfold","boughs","carp","mobiles","fictions","inventors","inventor","accidental","watchman","tole"
"taking","boughs","carp","blindfold","mobiles","fictions","inventors","inventor","watchman","tole"
"blindfold","boughs","carp","mobiles","fictions","inventors","inventor","accidental","watchman","tole"
"blindfold","boughs","carp","mobiles","fictions","inventors","inventor","accidental","watchman","tole"
"blindfold","boughs","carp","mobiles","fictions","inventors","inventor","accidental","watchman","tole"
"fell","boughs","blindfold","carp","mobiles","fictions","inventors","inventor","watchman","tole","accidental"
"blindfold","boughs","carp","mobiles","fictions","inventors","inventor","accidental","watchman","tole"
"good","blindfold","boughs","carp","mobiles","fictions","inventors","inventor","watchman","tole"
"blindfold","boughs","carp","mobiles","fictions","inventors","inventor","accidental","watchman","tole"
"blindfold","boughs","carp","mobiles","fictions","inventors","inventor","accidental","watchman","tole"
"say","blindfold","boughs","carp","mobiles","fictions","inventors","inventor","watchman","tole","accidental"
"baby","blindfold","boughs","carp","mobiles","fictions","inventors","inventor","watchman","tole","accidental"
"blindfold","boughs","carp","mobiles","fictions","inventors","inventor","accidental","watchman","tole"
"boughs","blindfold","carp","mobiles","fictions","inventors","inventor","accidental","watchman","tole"
"house","go","blindfold","boughs","carp","mobiles","fictions","inventors","inventor","watchman","tole","accidental"
"guess","blindfold","boughs","carp","mobiles","fictions","inventors","inventor","watchman","tole","accidental"
"blindfold","boughs","carp","mobiles","fictions","inventors","inventor","watchman","tole","accidental"
"triangle","boughs","blindfold","carp","mobiles","fictions","inventors","inventor","accidental","watchman","tole"
"make","blindfold","boughs","carp","mobiles","fictions","inventors","inventor","watchman","tole","accidental"
"blindfold","boughs","carp","mobiles","fictions","inventors","inventor","accidental","watchman","tole"
"get","boughs","blindfold","carp","mobiles","fictions","inventors","inventor","watchman","tole"
"push","boughs","blindfold","carp","mobiles","fictions","inventors","inventor","accidental","watchman","tole"
"blindfold","boughs","carp","mobiles","fictions","inventors","inventor","accidental","watchman","tole"
"blindfold","boughs","carp","mobiles","fictions","inventors","inventor","accidental","watchman","tole"
"dump","boughs","blindfold","carp","mobiles","fictions","inventors","inventor","watchman","tole","accidental"
"blindfold","boughs","carp","mobiles","fictions","inventors","inventor","accidental","watchman","tole"
"dog","blindfold","boughs","carp","mobiles","fictions","inventors","inventor","watchman","tole","accidental"
"looks","like","blindfold","boughs","carp","mobiles","fictions","inventors","inventor","watchman","tole"
"pick","best","boughs","blindfold","carp","mobiles","fictions","inventors","inventor","watchman","tole","accidental"
"blindfold","boughs","carp","mobiles","fictions","inventors","inventor","accidental","watchman","tole"
"puppy","blindfold","boughs","carp","mobiles","fictions","inventors","inventor","watchman","tole"
"blindfold","boughs","carp","mobiles","fictions","inventors","inventor","accidental","watchman","tole"
"ladder","boughs","carp","blindfold","mobiles","fictions","inventors","inventor","watchman","tole","accidental"
"blindfold","boughs","carp","mobiles","fictions","inventors","inventor","accidental","watchman","tole"
"tell","set","blindfold","boughs","carp","fictions","inventors","inventor","watchman","tole","mobiles"
"blindfold","boughs","carp","mobiles","fictions","inventors","inventor","accidental","watchman","tole"
"blindfold","boughs","carp","mobiles","fictions","inventors","inventor","accidental","watchman","tole"
"blindfold","boughs","carp","mobiles","fictions","inventors","inventor","accidental","watchman","tole"
"chairs","ha","blindfold","boughs","carp","mobiles","fictions","inventors","inventor","watchman","tole"
"better","boughs","blindfold","carp","mobiles","fictions","inventors","inventor","watchman","tole","accidental"
"blindfold","boughs","carp","mobiles","fictions","inventors","inventor","accidental","watchman","tole"
"blindfold","boughs","carp","mobiles","fictions","inventors","inventor","accidental","watchman","tole"
"blindfold","boughs","carp","mobiles","fictions","inventors","inventor","accidental","watchman","tole"
"go","like","boughs","carp","blindfold","mobiles","fictions","inventors","inventor","watchman","tole"
"boys","blindfold","boughs","carp","mobiles","fictions","inventors","inventor","watchman","tole"
"fall","boughs","blindfold","carp","mobiles","fictions","inventors","inventor","watchman","tole","accidental"
"blindfold","boughs","carp","mobiles","fictions","inventors","inventor","accidental","watchman","tole"
"six","boughs","blindfold","carp","mobiles","fictions","inventors","inventor","accidental","watchman","tole"
"blindfold","boughs","carp","mobiles","fictions","inventors","inventor","accidental","watchman","tole"
"blindfold","boughs","carp","mobiles","fictions","inventors","inventor","accidental","watchman","tole"
"blindfold","boughs","carp","mobiles","fictions","inventors","inventor","accidental","watchman","tole"
"wake","boughs","blindfold","carp","mobiles","fictions","inventors","inventor","watchman","tole","accidental"
"good","blindfold","boughs","carp","mobiles","fictions","inventors","inventor","watchman","tole"
"dog","blindfold","boughs","carp","mobiles","fictions","inventors","inventor","watchman","tole","accidental"
"stay","blindfold","boughs","carp","mobiles","fictions","inventors","inventor","watchman","tole"
"toys","blindfold","boughs","carp","mobiles","fictions","inventors","inventor","accidental","watchman","tole"
"blindfold","boughs","carp","mobiles","fictions","inventors","inventor","watchman","tole"
"driving","blindfold","boughs","carp","mobiles","fictions","inventors","inventor","watchman","tole","accidental"
"blindfold","boughs","carp","mobiles","fictions","inventors","inventor","accidental","watchman","tole"
"oh","blindfold","boughs","carp","mobiles","fictions","inventors","inventor","watchman","tole","accidental"
"blindfold","boughs","carp","mobiles","fictions","inventors","inventor","accidental","watchman","tole"
"going","boughs","blindfold","carp","mobiles","fictions","inventors","inventor","watchman","tole","accidental"
"night","boughs","blindfold","carp","mobiles","fictions","inventors","inventor","accidental","watchman","tole"
"blindfold","boughs","carp","mobiles","fictions","inventors","inventor","accidental","watchman","tole"
"blindfold","boughs","carp","mobiles","fictions","inventors","inventor","accidental","watchman","tole"
"uncle","boughs","blindfold","carp","mobiles","fictions","inventors","inventor","watchman","tole","accidental"
"needs","blindfold","boughs","carp","mobiles","fictions","inventors","inventor","accidental","watchman","tole"
"put","blindfold","boughs","carp","mobiles","fictions","inventors","inventor","watchman","tole","accidental"
"open","blindfold","boughs","carp","mobiles","fictions","inventors","inventor","watchman","tole","accidental"
"blindfold","boughs","carp","mobiles","fictions","inventors","inventor","accidental","watchman","tole"
"blindfold","boughs","carp","mobiles","fictions","inventors","inventor","accidental","watchman","tole"
"blindfold","boughs","carp","mobiles","fictions","inventors","inventor","accidental","watchman","tole"
"blindfold","boughs","carp","mobiles","fictions","inventors","inventor","accidental","watchman","tole"
