"look","blindfold","boughs","carp","mobiles","fictions","inventors","inventor","watchman","tole","accidental"
"doggie","boughs","blindfold","carp","mobiles","fictions","inventors","inventor","watchman","tole","accidental"
"blindfold","boughs","carp","mobiles","fictions","inventors","inventor","accidental","watchman","tole"
"blindfold","boughs","carp","mobiles","fictions","inventors","inventor","accidental","watchman","tole"
"tower","blindfold","boughs","carp","mobiles","fictions","inventors","inventor","watchman","tole"
"blindfold","boughs","carp","mobiles","fictions","inventors","inventor","accidental","watchman","tole"
"house","go","blindfold","boughs","carp","mobiles","fictions","inventors","inventor","watchman","tole","accidental"
"chair","blindfold","boughs","carp","mobiles","fictions","inventors","inventor","watchman","tole"
"pull","boughs","blindfold","carp","mobiles","fictions","inventors","inventor","accidental","watchman","tole"
"circle","blindfold","boughs","carp","mobiles","fictions","inventors","inventor","accidental","watchman","tole"
"blindfold","boughs","carp","mobiles","fictions","inventors","inventor","accidental","watchman","tole"
"mm","blindfold","boughs","carp","mobiles","fictions","inventors","inventor","watchman","tole"
"blindfold","boughs","carp","mobiles","fictions","inventors","inventor","accidental","watchman","tole"
"blindfold","boughs","carp","mobiles","fictions","inventors","inventor","accidental","watchman","tole"
"count","boughs","blindfold","carp","mobiles","fictions","inventors","inventor","accidental","watchman","tole"
"blindfold","boughs","carp","mobiles","fictions","inventors","inventor","accidental","watchman","tole"
"blindfold","boughs","carp","mobiles","fictions","inventors","inventor","accidental","watchman","tole"
"blocks","blindfold","boughs","carp","mobiles","fictions","inventors","inventor","watchman","tole","accidental"
"blindfold","boughs","carp","mobiles","fictions","inventors","inventor","accidental","watchman","tole"
"girl","blindfold","boughs","carp","mobiles","fictions","inventors","inventor","watchman","tole","accidental"
"blindfold","boughs","carp","mobiles","fictions","inventors","inventor","accidental","watchman","tole"
"blindfold","boughs","carp","mobiles","fictions","inventors","inventor","accidental","watchman","tole"
"blindfold","boughs","carp","mobiles","fictions","inventors","inventor","accidental","watchman","tole"
"blindfold","boughs","carp","mobiles","fictions","inventors","inventor","watchman","tole","accidental"
"blindfold","boughs","carp","mobiles","fictions","inventors","inventor","accidental","watchman","tole"
"kind","blindfold","boughs","carp","mobiles","fictions","inventors","inventor","accidental","watchman","tole"
"blindfold","boughs","carp","mobiles","fictions","inventors","inventor","accidental","watchman","tole"
"blindfold","boughs","carp","mobiles","fictions","inventors","inventor","accidental","watchman","tole"
"climb","blindfold","boughs","carp","mobiles","fictions","inventors","inventor","watchman","tole"
"blindfold","boughs","carp","mobiles","fictions","inventors","inventor","accidental","watchman","tole"
"blindfold","boughs","carp","mobiles","fictions","inventors","inventor","accidental","watchman","tole"
"mommy","blindfold","boughs","carp","mobiles","fictions","inventors","inventor","watchman","tole"
"blindfold","boughs","carp","mobiles","fictions","inventors","inventor","accidental","watchman","tole"
"blindfold","boughs","carp","mobiles","fictions","inventors","inventor","accidental","watchman","tole"
"three","blindfold","boughs","carp","mobiles","fictions","inventors","inventor","watchman","tole","accidental"
"blindfold","boughs","carp","mobiles","fictions","inventors","inventor","accidental","watchman","tole"
"comes","blindfold","boughs","carp","mobiles","fictions","inventors","inventor","watchman","tole","accidental"
"boughs","blindfold","carp","mobiles","fictions","inventors","inventor","accidental","watchman","tole"
"blindfold","boughs","carp","mobiles","fictions","inventors","inventor","accidental","watchman","tole"
"blindfold","boughs","carp","mobiles","fictions","inventors","inventor","watchman","tole","accidental"
"blindfold","boughs","carp","mobiles","fictions","inventors","inventor","watchman","tole","accidental"
"boughs","blindfold","carp","mobiles","fictions","inventors","inventor","accidental","watchman","tole"
"blindfold","boughs","carp","mobiles","fictions","inventors","inventor","accidental","watchman","tole"
"one","take","blindfold","boughs","carp","mobiles","fictions","inventors","inventor","watchman","tole"
"blindfold","boughs","carp","mobiles","fictions","inventors","inventor","accidental","watchman","tole"
"morning","wake","boughs","blindfold","carp","fictions","inventors","inventor","watchman","tole","mobiles","accidental"
"blindfold","boughs","carp","mobiles","fictions","inventors","inventor","accidental","watchman","tole"
"daddy","da","blindfold","boughs","carp","fictions","inventors","inventor","watchman","tole","mobiles"
"blindfold","boughs","carp","mobiles","fictions","inventors","inventor","accidental","watchman","tole"
"mommy","blindfold","boughs","carp","mobiles","fictions","inventors","inventor","watchman","tole"
"top","put","blindfold","boughs","carp","mobiles","fictions","inventors","inventor","watchman","tole","accidental"
"put","blindfold","boughs","carp","mobiles","fictions","inventors","inventor","watchman","tole","accidental"
"try","boughs","blindfold","carp","mobiles","fictions","inventors","inventor","watchman","tole","accidental"
"white","blindfold","boughs","carp","mobiles","fictions","inventors","inventor","accidental","watchman","tole"
"need","help","blindfold","boughs","carp","mobiles","fictions","inventors","inventor","watchman","tole"
"fall","boughs","blindfold","carp","fictions","inventors","inventor","watchman","tole","mobiles","accidental"
"two","boughs","blindfold","carp","mobiles","fictions","inventors","inventor","watchman","tole"
"push","boughs","blindfold","carp","mobiles","fictions","inventors","inventor","accidental","watchman","tole"
"blindfold","boughs","carp","mobiles","fictions","inventors","inventor","accidental","watchman","tole"
"blindfold","boughs","carp","mobiles","fictions","inventors","inventor","accidental","watchman","tole"
"ladies","blindfold","boughs","carp","mobiles","fictions","inventors","inventor","watchman","tole","accidental"
"blindfold","boughs","carp","mobiles","fictions","inventors","inventor","watchman","tole"
"dump","blindfold","boughs","carp","mobiles","fictions","inventors","inventor","watchman","tole","accidental"
"blindfold","boughs","carp","mobiles","fictions","inventors","inventor","accidental","watchman","tole"
"blindfold","boughs","carp","mobiles","fictions","inventors","inventor","accidental","watchman","tole"
"blindfold","boughs","carp","mobiles","fictions","inventors","inventor","accidental","watchman","tole"
"blindfold","boughs","carp","mobiles","fictions","inventors","inventor","accidental","watchman","tole"
"kid","boughs","blindfold","carp","mobiles","fictions","inventors","inventor","watchman","tole","accidental"
"five","boughs","blindfold","carp","mobiles","fictions","inventors","inventor","accidental","watchman","tole"
"store","blindfold","boughs","carp","mobiles","fictions","inventors","inventor","watchman","tole","accidental"
"night","boughs","blindfold","carp","mobiles","fictions","inventors","inventor","accidental","watchman","tole"
"boughs","blindfold","carp","mobiles","fictions","inventors","inventor","accidental","watchman","tole"
"picnic","blindfold","boughs","carp","mobiles","fictions","inventors","inventor","watchman","tole","accidental"
"blindfold","boughs","carp","mobiles","fictions","inventors","inventor","watchman","tole","accidental"
"blindfold","boughs","carp","mobiles","fictions","inventors","inventor","accidental","watchman","tole"
"say","blindfold","boughs","carp","mobiles","fictions","inventors","inventor","watchman","tole","accidental"
"blindfold","boughs","carp","mobiles","fictions","inventors","inventor","accidental","watchman","tole"
"blindfold","boughs","carp","mobiles","fictions","inventors","inventor","accidental","watchman","tole"
"blindfold","boughs","carp","mobiles","fictions","inventors","inventor","accidental","watchman","tole"
"blindfold","boughs","carp","mobiles","fictions","inventors","inventor","accidental","watchman","tole"
"balls","boughs","carp","mobiles","blindfold","fictions","inventors","inventor","watchman","tole"
"sweetheart","blindfold","boughs","carp","mobiles","fictions","inventors","inventor","watchman","tole","accidental"
"drive","boughs","blindfold","carp","mobiles","fictions","inventors","inventor","watchman","tole","accidental"
"blindfold","boughs","carp","mobiles","fictions","inventors","inventor","accidental","watchman","tole"
"blindfold","boughs","carp","mobiles","fictions","inventors","inventor","accidental","watchman","tole"
"go","blindfold","boughs","carp","mobiles","fictions","inventors","inventor","watchman","tole"
"blindfold","boughs","carp","mobiles","fictions","inventors","inventor","accidental","watchman","tole"
"blindfold","boughs","carp","mobiles","fictions","inventors","inventor","accidental","watchman","tole"
"stand","blindfold","boughs","carp","mobiles","fictions","inventors","inventor","watchman","tole","accidental"
"blindfold","boughs","carp","mobiles","fictions","inventors","inventor","accidental","watchman","tole"
"blindfold","boughs","carp","mobiles","fictions","inventors","inventor","accidental","watchman","tole"
"like","blindfold","boughs","carp","mobiles","fictions","inventors","inventor","watchman","tole"
"blindfold","boughs","carp","mobiles","fictions","inventors","inventor","accidental","watchman","tole"
"blindfold","boughs","carp","mobiles","fictions","inventors","inventor","accidental","watchman","tole"
"blindfold","boughs","carp","mobiles","fictions","inventors","inventor","accidental","watchman","tole"
"boughs","blindfold","carp","mobiles","fictions","inventors","inventor","watchman","tole"
"make","blindfold","boughs","carp","mobiles","fictions","inventors","inventor","watchman","tole","accidental"
"blindfold","boughs","carp","mobiles","fictions","inventors","inventor","accidental","watchman","tole"
"doors","blindfold","boughs","carp","mobiles","fictions","inventors","inventor","watchman","tole","accidental"
"things","blindfold","boughs","carp","mobiles","fictions","inventors","inventor","watchman","tole","accidental"
"blindfold","boughs","carp","mobiles","fictions","inventors","inventor","accidental","watchman","tole"
"blindfold","boughs","carp","mobiles","fictions","inventors","inventor","accidental","watchman","tole"
"stay","blindfold","boughs","carp","mobiles","fictions","inventors","inventor","watchman","tole"
"blindfold","boughs","carp","mobiles","fictions","inventors","inventor","accidental","watchman","tole"
"blindfold","boughs","carp","mobiles","fictions","inventors","inventor","accidental","watchman","tole"
"blindfold","boughs","carp","mobiles","fictions","inventors","inventor","accidental","watchman","tole"
"stack","blindfold","boughs","carp","mobiles","fictions","inventors","inventor","watchman","tole","accidental"
"blindfold","boughs","carp","mobiles","fictions","inventors","inventor","accidental","watchman","tole"
"makin","boughs","blindfold","carp","mobiles","fictions","inventors","inventor","watchman","tole","accidental"
"blindfold","boughs","carp","mobiles","fictions","inventors","inventor","accidental","watchman","tole"
"fit","boughs","blindfold","carp","mobiles","fictions","inventors","inventor","accidental","watchman","tole"
"blindfold","boughs","carp","mobiles","fictions","inventors","inventor","accidental","watchman","tole"
"blindfold","boughs","carp","mobiles","fictions","inventors","inventor","accidental","watchman","tole"
"blindfold","boughs","carp","mobiles","fictions","inventors","inventor","accidental","watchman","tole"
"blindfold","boughs","carp","mobiles","fictions","inventors","inventor","accidental","watchman","tole"
"blindfold","boughs","carp","mobiles","fictions","inventors","inventor","accidental","watchman","tole"
"blindfold","boughs","carp","mobiles","fictions","inventors","inventor","accidental","watchman","tole"
"blindfold","boughs","carp","mobiles","fictions","inventors","inventor","accidental","watchman","tole"
"girl","blindfold","boughs","carp","mobiles","fictions","inventors","inventor","watchman","tole","accidental"
"mommy","blindfold","boughs","carp","mobiles","fictions","inventors","inventor","watchman","tole"
"blindfold","boughs","carp","mobiles","fictions","inventors","inventor","accidental","watchman","tole"
"blindfold","boughs","carp","mobiles","fictions","inventors","inventor","accidental","watchman","tole"
"blindfold","boughs","carp","mobiles","fictions","inventors","inventor","accidental","watchman","tole"
"truck","boughs","carp","blindfold","mobiles","fictions","inventors","inventor","accidental","watchman","tole"
"boughs","blindfold","carp","mobiles","fictions","inventors","inventor","watchman","tole","accidental"
"show","boughs","blindfold","carp","mobiles","fictions","inventors","inventor","watchman","tole","accidental"
"blindfold","boughs","carp","mobiles","fictions","inventors","inventor","accidental","watchman","tole"
"chick","points","blindfold","boughs","carp","mobiles","fictions","inventors","inventor","watchman","tole"
"blindfold","boughs","carp","mobiles","fictions","inventors","inventor","watchman","tole"
"blindfold","boughs","carp","mobiles","fictions","inventors","inventor","accidental","watchman","tole"
"blindfold","boughs","carp","mobiles","fictions","inventors","inventor","accidental","watchman","tole"
"blindfold","boughs","carp","mobiles","fictions","inventors","inventor","accidental","watchman","tole"
"blindfold","boughs","carp","mobiles","fictions","inventors","inventor","accidental","watchman","tole"
"one","blindfold","boughs","carp","mobiles","fictions","inventors","inventor","watchman","tole","accidental"
"blindfold","boughs","carp","mobiles","fictions","inventors","inventor","accidental","watchman","tole"
"blindfold","boughs","carp","mobiles","fictions","inventors","inventor","accidental","watchman","tole"
"squares","blindfold","boughs","carp","mobiles","fictions","inventors","inventor","accidental","watchman","tole"
"watch","boughs","blindfold","carp","mobiles","fictions","inventors","inventor","watchman","tole"
"high","blindfold","boughs","carp","mobiles","fictions","inventors","inventor","accidental","watchman","tole"
"blindfold","boughs","carp","mobiles","fictions","inventors","inventor","accidental","watchman","tole"
"blindfold","boughs","carp","mobiles","fictions","inventors","inventor","accidental","watchman","tole"
"blindfold","boughs","carp","mobiles","fictions","inventors","inventor","accidental","watchman","tole"
"blindfold","boughs","carp","mobiles","fictions","inventors","inventor","accidental","watchman","tole"
"shape","boughs","blindfold","carp","mobiles","fictions","inventors","inventor","accidental","watchman","tole"
"blindfold","boughs","carp","mobiles","fictions","inventors","inventor","accidental","watchman","tole"
"blindfold","boughs","carp","mobiles","fictions","inventors","inventor","accidental","watchman","tole"
"cup","blindfold","boughs","carp","mobiles","fictions","inventors","inventor","accidental","watchman","tole"
"blindfold","boughs","carp","mobiles","fictions","inventors","inventor","accidental","watchman","tole"
"blindfold","boughs","carp","mobiles","fictions","inventors","inventor","accidental","watchman","tole"
"blindfold","boughs","carp","mobiles","fictions","inventors","inventor","accidental","watchman","tole"
"left","boughs","blindfold","carp","mobiles","fictions","inventors","inventor","accidental","watchman","tole"
"blindfold","boughs","carp","mobiles","fictions","inventors","inventor","accidental","watchman","tole"
"blindfold","boughs","carp","mobiles","fictions","inventors","inventor","accidental","watchman","tole"
"blindfold","boughs","carp","mobiles","fictions","inventors","inventor","accidental","watchman","tole"
"square","blindfold","boughs","carp","mobiles","fictions","inventors","inventor","watchman","tole"
"boughs","blindfold","carp","mobiles","fictions","inventors","inventor","accidental","watchman","tole"
"step","boughs","blindfold","carp","mobiles","fictions","inventors","inventor","watchman","tole"
"blindfold","boughs","carp","mobiles","fictions","inventors","inventor","accidental","watchman","tole"
"boughs","carp","mobiles","blindfold","fictions","inventors","inventor","watchman","tole","accidental"
"boom","blindfold","boughs","carp","mobiles","fictions","inventors","inventor","watchman","tole"
"think","blindfold","boughs","carp","mobiles","fictions","inventors","inventor","accidental","watchman","tole"
"blindfold","boughs","carp","mobiles","fictions","inventors","inventor","accidental","watchman","tole"
"chairs","blindfold","boughs","carp","mobiles","fictions","inventors","inventor","watchman","tole","accidental"
"blindfold","boughs","carp","mobiles","fictions","inventors","inventor","accidental","watchman","tole"
"oh","blindfold","boughs","carp","mobiles","fictions","inventors","inventor","watchman","tole","accidental"
"fell","boughs","blindfold","carp","mobiles","fictions","inventors","inventor","watchman","tole","accidental"
"home","blindfold","boughs","carp","mobiles","fictions","inventors","inventor","watchman","tole"
"blindfold","boughs","carp","mobiles","fictions","inventors","inventor","accidental","watchman","tole"
"goes","blindfold","boughs","carp","mobiles","fictions","inventors","inventor","accidental","watchman","tole"
"blindfold","boughs","carp","mobiles","fictions","inventors","inventor","accidental","watchman","tole"
"blindfold","boughs","carp","mobiles","fictions","inventors","inventor","watchman","tole","accidental"
"boughs","blindfold","carp","mobiles","fictions","inventors","inventor","watchman","tole","accidental"
"blindfold","boughs","carp","mobiles","fictions","inventors","inventor","accidental","watchman","tole"
"build","blindfold","boughs","carp","mobiles","fictions","inventors","inventor","watchman","tole"
"blindfold","boughs","carp","mobiles","fictions","inventors","inventor","watchman","tole","accidental"
"baby","blindfold","boughs","carp","mobiles","fictions","inventors","inventor","watchman","tole","accidental"
"knock","boughs","blindfold","carp","mobiles","fictions","inventors","inventor","accidental","watchman","tole"
"blindfold","boughs","carp","mobiles","fictions","inventors","inventor","accidental","watchman","tole"
"blindfold","boughs","carp","mobiles","fictions","inventors","inventor","accidental","watchman","tole"
"circles","blindfold","boughs","carp","mobiles","fictions","inventors","inventor","accidental","watchman","tole"
"one","blindfold","boughs","carp","mobiles","fictions","inventors","inventor","watchman","tole","accidental"
"blindfold","boughs","carp","mobiles","fictions","inventors","inventor","accidental","watchman","tole"
"blindfold","boughs","carp","mobiles","fictions","inventors","inventor","accidental","watchman","tole"
"blindfold","boughs","carp","mobiles","fictions","inventors","inventor","accidental","watchman","tole"
"blindfold","boughs","carp","mobiles","fictions","inventors","inventor","accidental","watchman","tole"
"blindfold","boughs","carp","mobiles","fictions","inventors","inventor","accidental","watchman","tole"
"blindfold","boughs","carp","mobiles","fictions","inventors","inventor","accidental","watchman","tole"
"blindfold","boughs","carp","mobiles","fictions","inventors","inventor","accidental","watchman","tole"
"put","back","blindfold","boughs","carp","mobiles","fictions","inventors","inventor","watchman","tole","accidental"
"blindfold","boughs","carp","mobiles","fictions","inventors","inventor","accidental","watchman","tole"
"blindfold","boughs","carp","mobiles","fictions","inventors","inventor","accidental","watchman","tole"
"blindfold","boughs","carp","mobiles","fictions","inventors","inventor","accidental","watchman","tole"
"blindfold","boughs","carp","mobiles","fictions","inventors","inventor","accidental","watchman","tole"
"blindfold","boughs","carp","mobiles","fictions","inventors","inventor","accidental","watchman","tole"
"one","blindfold","boughs","carp","mobiles","fictions","inventors","inventor","watchman","tole","accidental"
"guys","mine","blindfold","boughs","carp","mobiles","fictions","inventors","inventor","watchman","tole","accidental"
"blindfold","boughs","carp","mobiles","fictions","inventors","inventor","accidental","watchman","tole"
"blindfold","boughs","carp","mobiles","fictions","inventors","inventor","accidental","watchman","tole"
"cowboy","blindfold","boughs","carp","mobiles","fictions","inventors","inventor","watchman","tole","accidental"
"blindfold","boughs","carp","mobiles","fictions","inventors","inventor","accidental","watchman","tole"
"blindfold","boughs","carp","mobiles","fictions","inventors","inventor","accidental","watchman","tole"
"blindfold","boughs","carp","mobiles","fictions","inventors","inventor","accidental","watchman","tole"
"puppy","blindfold","boughs","carp","mobiles","fictions","inventors","inventor","watchman","tole"
"blindfold","boughs","carp","mobiles","fictions","inventors","inventor","accidental","watchman","tole"
"blindfold","boughs","carp","mobiles","fictions","inventors","inventor","accidental","watchman","tole"
"blindfold","boughs","carp","mobiles","fictions","inventors","inventor","accidental","watchman","tole"
"boughs","blindfold","carp","mobiles","fictions","inventors","inventor","watchman","tole","accidental"
"blindfold","boughs","carp","mobiles","fictions","inventors","inventor","accidental","watchman","tole"
"blindfold","boughs","carp","mobiles","fictions","inventors","inventor","accidental","watchman","tole"
"blindfold","boughs","carp","mobiles","fictions","inventors","inventor","accidental","watchman","tole"
"momma","boughs","blindfold","carp","mobiles","fictions","inventors","inventor","accidental","watchman","tole"
"stairs","boughs","blindfold","carp","mobiles","fictions","inventors","inventor","accidental","watchman","tole"
"blindfold","boughs","carp","mobiles","fictions","inventors","inventor","accidental","watchman","tole"
"set","blindfold","boughs","carp","mobiles","fictions","inventors","inventor","watchman","tole","accidental"
"triangle","boughs","blindfold","carp","mobiles","fictions","inventors","inventor","accidental","watchman","tole"
"blindfold","boughs","carp","mobiles","fictions","inventors","inventor","accidental","watchman","tole"
"sleeping","standing","blindfold","boughs","carp","fictions","inventors","inventor","watchman","tole","mobiles"
"makes","noise","boughs","blindfold","carp","mobiles","fictions","inventors","inventor","watchman","tole","accidental"
"car","blindfold","boughs","carp","mobiles","fictions","inventors","inventor","watchman","tole","accidental"
"fits","boughs","blindfold","carp","mobiles","fictions","inventors","inventor","accidental","watchman","tole"
"blindfold","boughs","carp","mobiles","fictions","inventors","inventor","accidental","watchman","tole"
"blindfold","boughs","carp","mobiles","fictions","inventors","inventor","accidental","watchman","tole"
"blindfold","boughs","carp","mobiles","fictions","inventors","inventor","accidental","watchman","tole"
"door","boughs","blindfold","carp","mobiles","fictions","inventors","inventor","accidental","watchman","tole"
"doll","boughs","blindfold","carp","mobiles","fictions","inventors","inventor","watchman","tole","accidental"
"blindfold","boughs","carp","mobiles","fictions","inventors","inventor","accidental","watchman","tole"
"keep","blindfold","boughs","carp","mobiles","fictions","inventors","inventor","accidental","watchman","tole"
"blindfold","boughs","carp","mobiles","fictions","inventors","inventor","accidental","watchman","tole"
"blindfold","boughs","carp","mobiles","fictions","inventors","inventor","accidental","watchman","tole"
"blindfold","boughs","carp","mobiles","fictions","inventors","inventor","accidental","watchman","tole"
"blindfold","boughs","carp","mobiles","fictions","inventors","inventor","accidental","watchman","tole"
"one","look","blindfold","boughs","carp","mobiles","fictions","inventors","inventor","watchman","tole"
"blindfold","boughs","carp","mobiles","fictions","inventors","inventor","accidental","watchman","tole"
"hole","boughs","blindfold","carp","mobiles","fictions","inventors","inventor","accidental","watchman","tole"
"blindfold","boughs","carp","mobiles","fictions","inventors","inventor","accidental","watchman","tole"
"blindfold","boughs","carp","mobiles","fictions","inventors","inventor","accidental","watchman","tole"
"babe","boughs","blindfold","carp","mobiles","fictions","inventors","inventor","watchman","tole","accidental"
"blindfold","boughs","carp","mobiles","fictions","inventors","inventor","accidental","watchman","tole"
"lady","blindfold","boughs","carp","mobiles","fictions","inventors","inventor","accidental","watchman","tole"
"oh","blindfold","boughs","carp","mobiles","fictions","inventors","inventor","watchman","tole","accidental"
"blindfold","boughs","carp","mobiles","fictions","inventors","inventor","accidental","watchman","tole"
"blindfold","boughs","carp","mobiles","fictions","inventors","inventor","watchman","tole","accidental"
"mom","boughs","blindfold","carp","mobiles","fictions","inventors","inventor","watchman","tole","accidental"
"blindfold","boughs","carp","mobiles","fictions","inventors","inventor","watchman","tole","accidental"
"line","blindfold","boughs","carp","fictions","inventors","inventor","watchman","tole","mobiles"
"beads","blindfold","boughs","carp","mobiles","fictions","inventors","inventor","watchman","tole","accidental"
"throw","boughs","blindfold","carp","mobiles","fictions","inventors","inventor","accidental","watchman","tole"
"blindfold","boughs","carp","mobiles","fictions","inventors","inventor","accidental","watchman","tole"
"watching","boughs","blindfold","carp","mobiles","fictions","inventors","inventor","watchman","tole","accidental"
"ones","boughs","blindfold","carp","mobiles","fictions","inventors","inventor","accidental","watchman","tole"
"rides","boughs","blindfold","carp","mobiles","fictions","inventors","inventor","accidental","watchman","tole"
"dog","blindfold","boughs","carp","mobiles","fictions","inventors","inventor","watchman","tole","accidental"
"blindfold","boughs","carp","mobiles","fictions","inventors","inventor","accidental","watchman","tole"
"put","blindfold","boughs","carp","mobiles","fictions","inventors","inventor","watchman","tole","accidental"
"blindfold","boughs","carp","mobiles","fictions","inventors","inventor","accidental","watchman","tole"
"blindfold","boughs","carp","mobiles","fictions","inventors","inventor","accidental","watchman","tole"
"hm","blindfold","boughs","carp","mobiles","fictions","inventors","inventor","watchman","tole"
"blindfold","boughs","carp","mobiles","fictions","inventors","inventor","accidental","watchman","tole"
"blindfold","boughs","carp","mobiles","fictions","inventors","inventor","accidental","watchman","tole"
"blindfold","boughs","carp","mobiles","fictions","inventors","inventor","accidental","watchman","tole"
"blindfold","boughs","carp","mobiles","fictions","inventors","inventor","accidental","watchman","tole"
"blindfold","boughs","carp","mobiles","fictions","inventors","inventor","accidental","watchman","tole"
"blindfold","boughs","carp","mobiles","fictions","inventors","inventor","accidental","watchman","tole"
"time","blindfold","boughs","carp","mobiles","fictions","inventors","inventor","watchman","tole","accidental"
"blindfold","boughs","carp","mobiles","fictions","inventors","inventor","accidental","watchman","tole"
"blindfold","boughs","carp","mobiles","fictions","inventors","inventor","accidental","watchman","tole"
"blindfold","boughs","carp","mobiles","fictions","inventors","inventor","accidental","watchman","tole"
"blindfold","boughs","carp","mobiles","fictions","inventors","inventor","accidental","watchman","tole"
"one","like","blindfold","boughs","carp","mobiles","fictions","inventors","inventor","watchman","tole"
"ride","blindfold","boughs","carp","mobiles","fictions","inventors","inventor","watchman","tole","accidental"
"put","blindfold","boughs","carp","mobiles","fictions","inventors","inventor","watchman","tole"
"blindfold","boughs","carp","mobiles","fictions","inventors","inventor","accidental","watchman","tole"
"blindfold","boughs","carp","mobiles","fictions","inventors","inventor","accidental","watchman","tole"
"blindfold","boughs","carp","mobiles","fictions","inventors","inventor","accidental","watchman","tole"
"blindfold","boughs","carp","mobiles","fictions","inventors","inventor","accidental","watchman","tole"
"blindfold","boughs","carp","mobiles","fictions","inventors","inventor","accidental","watchman","tole"
"boughs","carp","mobiles","blindfold","fictions","inventors","inventor","watchman","tole","accidental"
"first","boughs","blindfold","carp","mobiles","fictions","inventors","inventor","watchman","tole","accidental"
"blindfold","boughs","carp","mobiles","fictions","inventors","inventor","accidental","watchman","tole"
"blindfold","boughs","carp","mobiles","fictions","inventors","inventor","accidental","watchman","tole"
"house","blindfold","boughs","carp","mobiles","fictions","inventors","inventor","watchman","tole"
"blindfold","boughs","carp","mobiles","fictions","inventors","inventor","accidental","watchman","tole"
"blindfold","boughs","carp","mobiles","fictions","inventors","inventor","accidental","watchman","tole"
"children","blindfold","boughs","carp","mobiles","fictions","inventors","inventor","watchman","tole","accidental"
"blindfold","boughs","carp","mobiles","fictions","inventors","inventor","accidental","watchman","tole"
"looks","like","blindfold","boughs","carp","mobiles","fictions","inventors","inventor","watchman","tole"
"going","boughs","blindfold","carp","mobiles","fictions","inventors","inventor","watchman","tole","accidental"
"fun","blindfold","boughs","carp","mobiles","fictions","inventors","inventor","watchman","tole","accidental"
"boughs","blindfold","carp","mobiles","fictions","inventors","inventor","watchman","tole","accidental"
"blindfold","boughs","carp","mobiles","fictions","inventors","inventor","accidental","watchman","tole"
"ha","blindfold","boughs","carp","mobiles","fictions","inventors","inventor","watchman","tole"
"blindfold","boughs","carp","mobiles","fictions","inventors","inventor","accidental","watchman","tole"
"boughs","blindfold","carp","mobiles","fictions","inventors","inventor","watchman","tole","accidental"
"blindfold","boughs","carp","mobiles","fictions","inventors","inventor","accidental","watchman","tole"
"let","blindfold","boughs","carp","mobiles","fictions","inventors","inventor","watchman","tole","accidental"
"rectangle","boughs","blindfold","carp","mobiles","fictions","inventors","inventor","accidental","watchman","tole"
"orange","blindfold","boughs","carp","mobiles","fictions","inventors","inventor","watchman","tole"
"go","blindfold","boughs","carp","mobiles","fictions","inventors","inventor","watchman","tole","accidental"
"blindfold","boughs","carp","mobiles","fictions","inventors","inventor","accidental","watchman","tole"
"mama","boughs","blindfold","carp","mobiles","fictions","inventors","inventor","watchman","tole","accidental"
"tail","mamma","boughs","blindfold","carp","inventors","inventor","watchman","tole","mobiles"
"blindfold","boughs","carp","mobiles","fictions","inventors","inventor","accidental","watchman","tole"
"chicken","boughs","blindfold","carp","mobiles","fictions","inventors","inventor","watchman","tole"
"boughs","blindfold","carp","mobiles","fictions","inventors","inventor","watchman","tole","accidental"
"blindfold","boughs","carp","mobiles","fictions","inventors","inventor","accidental","watchman","tole"
"blindfold","boughs","carp","mobiles","fictions","inventors","inventor","accidental","watchman","tole"
"blindfold","boughs","carp","mobiles","fictions","inventors","inventor","accidental","watchman","tole"
"blindfold","boughs","carp","mobiles","fictions","inventors","inventor","accidental","watchman","tole"
"put","blindfold","boughs","carp","mobiles","fictions","inventors","inventor","watchman","tole"
"one","blindfold","boughs","carp","mobiles","fictions","inventors","inventor","watchman","tole","accidental"
"blindfold","boughs","carp","mobiles","fictions","inventors","inventor","accidental","watchman","tole"
"blindfold","boughs","carp","mobiles","fictions","inventors","inventor","accidental","watchman","tole"
"upside","uncle","boughs","blindfold","carp","mobiles","fictions","inventors","inventor","watchman","tole"
"person","blindfold","boughs","carp","mobiles","fictions","inventors","inventor","watchman","tole","accidental"
"go","blindfold","boughs","carp","mobiles","fictions","inventors","inventor","watchman","tole","accidental"
"blindfold","boughs","carp","mobiles","fictions","inventors","inventor","accidental","watchman","tole"
"blindfold","boughs","carp","mobiles","fictions","inventors","inventor","accidental","watchman","tole"
"blindfold","boughs","carp","mobiles","fictions","inventors","inventor","accidental","watchman","tole"
"bye","boughs","blindfold","carp","mobiles","fictions","inventors","inventor","accidental","watchman","tole"
"blindfold","boughs","carp","mobiles","fictions","inventors","inventor","accidental","watchman","tole"
"block","blindfold","boughs","carp","mobiles","fictions","inventors","inventor","accidental","watchman","tole"
"blindfold","boughs","carp","mobiles","fictions","inventors","inventor","accidental","watchman","tole"
"blindfold","boughs","carp","mobiles","fictions","inventors","inventor","accidental","watchman","tole"
"blindfold","boughs","carp","mobiles","fictions","inventors","inventor","accidental","watchman","tole"
"touch","blindfold","boughs","carp","mobiles","fictions","inventors","inventor","watchman","tole","accidental"
"walk","crash","blindfold","boughs","carp","fictions","inventors","inventor","watchman","tole","mobiles"
"blindfold","boughs","carp","mobiles","fictions","inventors","inventor","accidental","watchman","tole"
"needs","blindfold","boughs","carp","mobiles","fictions","inventors","inventor","accidental","watchman","tole"
"sides","boughs","blindfold","carp","mobiles","fictions","inventors","inventor","accidental","watchman","tole"
"boughs","blindfold","carp","mobiles","fictions","inventors","inventor","accidental","watchman","tole"
"blue","blindfold","boughs","carp","mobiles","fictions","inventors","inventor","watchman","tole"
"break","boughs","blindfold","carp","mobiles","fictions","inventors","inventor","accidental","watchman","tole"
"boughs","blindfold","carp","mobiles","fictions","inventors","inventor","watchman","tole","accidental"
"turning","blindfold","boughs","carp","mobiles","fictions","inventors","inventor","accidental","watchman","tole"
"blindfold","boughs","carp","mobiles","fictions","inventors","inventor","accidental","watchman","tole"
"basket","blindfold","boughs","carp","mobiles","fictions","inventors","inventor","accidental","watchman","tole"
"put","blindfold","boughs","carp","mobiles","fictions","inventors","inventor","watchman","tole","accidental"
"blindfold","boughs","carp","mobiles","fictions","inventors","inventor","accidental","watchman","tole"
"go","blindfold","boughs","carp","mobiles","fictions","inventors","inventor","watchman","tole","accidental"
"beds","boughs","blindfold","carp","mobiles","fictions","inventors","inventor","accidental","watchman","tole"
"give","six","boughs","blindfold","carp","mobiles","fictions","inventors","inventor","watchman","tole"
"blindfold","boughs","carp","mobiles","fictions","inventors","inventor","watchman","tole","accidental"
"blindfold","boughs","carp","mobiles","fictions","inventors","inventor","accidental","watchman","tole"
"one","blindfold","boughs","carp","mobiles","fictions","inventors","inventor","watchman","tole","accidental"
"blindfold","boughs","carp","mobiles","fictions","inventors","inventor","accidental","watchman","tole"
"blindfold","boughs","carp","mobiles","fictions","inventors","inventor","accidental","watchman","tole"
"blindfold","boughs","carp","mobiles","fictions","inventors","inventor","accidental","watchman","tole"
"blindfold","boughs","carp","mobiles","fictions","inventors","inventor","accidental","watchman","tole"
"blindfold","boughs","carp","mobiles","fictions","inventors","inventor","accidental","watchman","tole"
"blindfold","boughs","carp","mobiles","fictions","inventors","inventor","accidental","watchman","tole"
"try","boughs","blindfold","carp","mobiles","fictions","inventors","inventor","watchman","tole","accidental"
"start","minutes","ground","boughs","blindfold","carp","mobiles","fictions","inventors","inventor","watchman","tole"
"ladder","boughs","carp","blindfold","mobiles","fictions","inventors","inventor","watchman","tole","accidental"
"blindfold","boughs","carp","mobiles","fictions","inventors","inventor","accidental","watchman","tole"
"blindfold","boughs","carp","mobiles","fictions","inventors","inventor","accidental","watchman","tole"
"blindfold","boughs","carp","mobiles","fictions","inventors","inventor","accidental","watchman","tole"
"blindfold","boughs","carp","mobiles","fictions","inventors","inventor","accidental","watchman","tole"
"back","blindfold","boughs","carp","mobiles","fictions","inventors","inventor","watchman","tole","accidental"
"blindfold","boughs","carp","mobiles","fictions","inventors","inventor","accidental","watchman","tole"
"find","blindfold","boughs","carp","mobiles","fictions","inventors","inventor","watchman","tole"
"blindfold","boughs","carp","mobiles","fictions","inventors","inventor","accidental","watchman","tole"
"guess","blindfold","boughs","carp","mobiles","fictions","inventors","inventor","watchman","tole","accidental"
"thought","boughs","blindfold","carp","mobiles","fictions","inventors","inventor","watchman","tole","accidental"
"one","see","blindfold","boughs","carp","mobiles","fictions","inventors","inventor","watchman","tole"
"blindfold","boughs","carp","mobiles","fictions","inventors","inventor","accidental","watchman","tole"
"wait","blindfold","boughs","carp","mobiles","fictions","inventors","inventor","watchman","tole"
"dad","blindfold","boughs","carp","mobiles","fictions","inventors","inventor","watchman","tole"
"inside","blindfold","boughs","carp","mobiles","fictions","inventors","inventor","watchman","tole"
"people","blindfold","boughs","carp","mobiles","fictions","inventors","inventor","watchman","tole","accidental"
"blindfold","boughs","carp","mobiles","fictions","inventors","inventor","accidental","watchman","tole"
"blindfold","boughs","carp","mobiles","fictions","inventors","inventor","accidental","watchman","tole"
"blindfold","boughs","carp","mobiles","fictions","inventors","inventor","accidental","watchman","tole"
"red","boughs","blindfold","carp","mobiles","fictions","inventors","inventor","accidental","watchman","tole"
"blindfold","boughs","carp","mobiles","fictions","inventors","inventor","accidental","watchman","tole"
"open","blindfold","boughs","carp","mobiles","fictions","inventors","inventor","watchman","tole","accidental"
"holes","blindfold","boughs","carp","mobiles","fictions","inventors","inventor","accidental","watchman","tole"
"put","blindfold","boughs","carp","mobiles","fictions","inventors","inventor","watchman","tole","accidental"
"cups","blindfold","boughs","carp","mobiles","fictions","inventors","inventor","accidental","watchman","tole"
"blindfold","boughs","carp","mobiles","fictions","inventors","inventor","accidental","watchman","tole"
"table","blindfold","boughs","carp","mobiles","fictions","inventors","inventor","watchman","tole","accidental"
"go","get","boughs","carp","blindfold","mobiles","fictions","inventors","inventor","watchman","tole"
"blindfold","boughs","carp","mobiles","fictions","inventors","inventor","accidental","watchman","tole"
"found","blindfold","boughs","carp","mobiles","fictions","inventors","inventor","watchman","tole"
"man","blindfold","boughs","carp","mobiles","fictions","inventors","inventor","watchman","tole","accidental"
"green","boughs","carp","blindfold","mobiles","fictions","inventors","inventor","watchman","tole"
"blindfold","boughs","carp","mobiles","fictions","inventors","inventor","accidental","watchman","tole"
"way","boughs","blindfold","carp","mobiles","fictions","inventors","inventor","watchman","tole"
"old","blindfold","boughs","carp","mobiles","fictions","inventors","inventor","watchman","tole","accidental"
"know","blindfold","boughs","carp","mobiles","fictions","inventors","inventor","watchman","tole","accidental"
"blindfold","boughs","carp","mobiles","fictions","inventors","inventor","accidental","watchman","tole"
"blindfold","boughs","carp","mobiles","fictions","inventors","inventor","accidental","watchman","tole"
"pick","worry","boughs","blindfold","mobiles","fictions","inventors","inventor","watchman","tole","carp"
"blindfold","boughs","carp","mobiles","fictions","inventors","inventor","watchman","tole","accidental"
"blindfold","boughs","carp","mobiles","fictions","inventors","inventor","accidental","watchman","tole"
"place","blindfold","boughs","carp","mobiles","fictions","inventors","inventor","watchman","tole","accidental"
"blindfold","boughs","carp","mobiles","fictions","inventors","inventor","accidental","watchman","tole"
"box","blindfold","boughs","carp","mobiles","fictions","inventors","inventor","watchman","tole"
"boughs","blindfold","carp","mobiles","fictions","inventors","inventor","accidental","watchman","tole"
"blindfold","boughs","carp","mobiles","fictions","inventors","inventor","accidental","watchman","tole"
"blindfold","boughs","carp","mobiles","fictions","inventors","inventor","accidental","watchman","tole"
"blindfold","boughs","carp","mobiles","fictions","inventors","inventor","accidental","watchman","tole"
"blindfold","boughs","carp","mobiles","fictions","inventors","inventor","accidental","watchman","tole"
"blindfold","boughs","carp","mobiles","fictions","inventors","inventor","accidental","watchman","tole"
"blindfold","boughs","carp","mobiles","fictions","inventors","inventor","accidental","watchman","tole"
"yellow","one","blindfold","boughs","carp","mobiles","fictions","inventors","inventor","watchman","tole"
"want","blindfold","boughs","carp","mobiles","fictions","inventors","inventor","watchman","tole","accidental"
"blindfold","boughs","carp","mobiles","fictions","inventors","inventor","accidental","watchman","tole"
"bit","boughs","blindfold","carp","fictions","inventors","inventor","watchman","tole","mobiles"
"go","blindfold","boughs","carp","mobiles","fictions","inventors","inventor","watchman","tole","accidental"
"good","blindfold","boughs","carp","mobiles","fictions","inventors","inventor","watchman","tole"
"come","boughs","blindfold","carp","mobiles","fictions","inventors","inventor","accidental","watchman","tole"
"tell","blindfold","boughs","carp","mobiles","fictions","inventors","inventor","watchman","tole","accidental"
"blindfold","boughs","carp","mobiles","fictions","inventors","inventor","accidental","watchman","tole"
"bet","blindfold","boughs","carp","mobiles","fictions","inventors","inventor","accidental","watchman","tole"
"blindfold","boughs","carp","mobiles","fictions","inventors","inventor","accidental","watchman","tole"
"blindfold","boughs","carp","mobiles","fictions","inventors","inventor","watchman","tole"
"round","boughs","blindfold","carp","mobiles","fictions","inventors","inventor","watchman","tole","accidental"
"woof","carp","boughs","mobiles","tole","fictions","inventors","inventor","watchman"
"blindfold","boughs","carp","mobiles","fictions","inventors","inventor","accidental","watchman","tole"
"blindfold","boughs","carp","mobiles","fictions","inventors","inventor","accidental","watchman","tole"
"blindfold","boughs","carp","mobiles","fictions","inventors","inventor","accidental","watchman","tole"
"blindfold","boughs","carp","mobiles","fictions","inventors","inventor","accidental","watchman","tole"
"blindfold","boughs","carp","mobiles","fictions","inventors","inventor","watchman","tole","accidental"
"blindfold","boughs","carp","mobiles","fictions","inventors","inventor","accidental","watchman","tole"
"must","boughs","blindfold","carp","mobiles","fictions","inventors","inventor","accidental","watchman","tole"
"sleep","boughs","blindfold","carp","mobiles","fictions","inventors","inventor","watchman","tole","accidental"
"make","blindfold","boughs","carp","mobiles","fictions","inventors","inventor","watchman","tole","accidental"
"hat","blindfold","boughs","carp","mobiles","fictions","inventors","inventor","watchman","tole","accidental"
"blindfold","boughs","carp","mobiles","fictions","inventors","inventor","accidental","watchman","tole"
"blindfold","carp","boughs","mobiles","fictions","inventors","inventor","watchman","tole","accidental"
"blindfold","boughs","carp","mobiles","fictions","inventors","inventor","accidental","watchman","tole"
"chickens","blindfold","boughs","carp","mobiles","fictions","inventors","inventor","watchman","tole","accidental"
"ball","blindfold","boughs","carp","mobiles","fictions","inventors","inventor","watchman","tole","accidental"
"blindfold","boughs","carp","mobiles","fictions","inventors","inventor","accidental","watchman","tole"
"blindfold","boughs","carp","mobiles","fictions","inventors","inventor","accidental","watchman","tole"
"blindfold","boughs","carp","mobiles","fictions","inventors","inventor","accidental","watchman","tole"
"blindfold","boughs","carp","mobiles","fictions","inventors","inventor","accidental","watchman","tole"
"cars","blindfold","boughs","carp","mobiles","fictions","inventors","inventor","watchman","tole","accidental"
"blindfold","boughs","carp","mobiles","fictions","inventors","inventor","accidental","watchman","tole"
"four","boughs","blindfold","carp","mobiles","fictions","inventors","inventor","accidental","watchman","tole"
"put","blindfold","boughs","carp","mobiles","fictions","inventors","inventor","watchman","tole","accidental"
"blindfold","boughs","carp","mobiles","fictions","inventors","inventor","accidental","watchman","tole"
"blindfold","boughs","carp","mobiles","fictions","inventors","inventor","accidental","watchman","tole"
"one","want","blindfold","boughs","carp","mobiles","fictions","inventors","inventor","watchman","tole"
"puts","picks","mobiles","carp","boughs","tole","watchman","fictions","inventors","inventor"
"blindfold","boughs","carp","mobiles","fictions","inventors","inventor","watchman","tole"
"blindfold","boughs","carp","mobiles","fictions","inventors","inventor","accidental","watchman","tole"
"driving","blindfold","boughs","carp","mobiles","fictions","inventors","inventor","watchman","tole","accidental"
"honey","blindfold","boughs","carp","mobiles","fictions","inventors","inventor","watchman","tole","accidental"
"blindfold","boughs","carp","mobiles","fictions","inventors","inventor","accidental","watchman","tole"
"toys","blindfold","boughs","carp","mobiles","fictions","inventors","inventor","accidental","watchman","tole"
"outside","blindfold","boughs","carp","mobiles","fictions","inventors","inventor","watchman","tole"
"blindfold","boughs","carp","mobiles","fictions","inventors","inventor","accidental","watchman","tole"
"blindfold","boughs","carp","mobiles","fictions","inventors","inventor","accidental","watchman","tole"
"bed","blindfold","boughs","carp","mobiles","fictions","inventors","inventor","watchman","tole","accidental"
"blindfold","boughs","carp","mobiles","fictions","inventors","inventor","accidental","watchman","tole"
"blindfold","boughs","carp","mobiles","fictions","inventors","inventor","accidental","watchman","tole"
"papa","boughs","blindfold","carp","mobiles","fictions","inventors","inventor","watchman","tole","accidental"
"blindfold","boughs","carp","mobiles","fictions","inventors","inventor","accidental","watchman","tole"
"blindfold","boughs","carp","mobiles","fictions","inventors","inventor","accidental","watchman","tole"
"blindfold","boughs","carp","mobiles","fictions","inventors","inventor","accidental","watchman","tole"
"whoop","blindfold","boughs","carp","mobiles","fictions","inventors","inventor","watchman","tole","accidental"
"blindfold","boughs","carp","mobiles","fictions","inventors","inventor","accidental","watchman","tole"
"blindfold","boughs","carp","mobiles","fictions","inventors","inventor","watchman","tole","accidental"
"taking","blindfold","boughs","carp","mobiles","fictions","inventors","inventor","accidental","watchman","tole"
"blindfold","boughs","carp","mobiles","fictions","inventors","inventor","accidental","watchman","tole"
"goes","blindfold","boughs","carp","mobiles","fictions","inventors","inventor","accidental","watchman","tole"
"blindfold","boughs","carp","mobiles","fictions","inventors","inventor","accidental","watchman","tole"
"best","boughs","blindfold","carp","mobiles","fictions","inventors","inventor","watchman","tole","accidental"
"dog","blindfold","boughs","carp","mobiles","fictions","inventors","inventor","watchman","tole","accidental"
"blindfold","boughs","carp","mobiles","fictions","inventors","inventor","accidental","watchman","tole"
"boy","blindfold","boughs","carp","mobiles","fictions","inventors","inventor","watchman","tole","accidental"
"play","blindfold","boughs","carp","mobiles","fictions","inventors","inventor","accidental","watchman","tole"
"blindfold","boughs","carp","mobiles","fictions","inventors","inventor","accidental","watchman","tole"
"blindfold","boughs","carp","mobiles","fictions","inventors","inventor","accidental","watchman","tole"
"blindfold","boughs","carp","mobiles","fictions","inventors","inventor","accidental","watchman","tole"
"get","one","boughs","blindfold","carp","mobiles","fictions","inventors","inventor","watchman","tole"
"boys","blindfold","boughs","carp","mobiles","fictions","inventors","inventor","accidental","watchman","tole"
"color","blindfold","boughs","carp","mobiles","fictions","inventors","inventor","accidental","watchman","tole"
"blindfold","boughs","carp","mobiles","fictions","inventors","inventor","accidental","watchman","tole"
"blindfold","boughs","carp","mobiles","fictions","inventors","inventor","accidental","watchman","tole"
"blindfold","boughs","carp","mobiles","fictions","inventors","inventor","accidental","watchman","tole"
"blindfold","boughs","carp","mobiles","fictions","inventors","inventor","accidental","watchman","tole"
"blindfold","boughs","carp","mobiles","fictions","inventors","inventor","accidental","watchman","tole"
"blindfold","boughs","carp","mobiles","fictions","inventors","inventor","accidental","watchman","tole"
"food","plates","boughs","blindfold","carp","fictions","inventors","inventor","watchman","tole","mobiles"
"take","blindfold","boughs","carp","mobiles","fictions","inventors","inventor","watchman","tole","accidental"
"one","blindfold","boughs","carp","mobiles","fictions","inventors","inventor","watchman","tole","accidental"
"basketball","blindfold","boughs","carp","mobiles","fictions","inventors","inventor","accidental","watchman","tole"
"turn","blindfold","boughs","carp","mobiles","fictions","inventors","inventor","accidental","watchman","tole"
"blindfold","boughs","carp","mobiles","fictions","inventors","inventor","accidental","watchman","tole"
"see","blindfold","boughs","carp","mobiles","fictions","inventors","inventor","watchman","tole","accidental"
"blindfold","boughs","carp","mobiles","fictions","inventors","inventor","accidental","watchman","tole"
"blindfold","boughs","carp","mobiles","fictions","inventors","inventor","accidental","watchman","tole"
"go","blindfold","boughs","carp","mobiles","fictions","inventors","inventor","watchman","tole","accidental"
"better","boughs","blindfold","carp","mobiles","fictions","inventors","inventor","watchman","tole","accidental"
"oh","blindfold","boughs","carp","mobiles","fictions","inventors","inventor","watchman","tole","accidental"
"move","blindfold","boughs","carp","mobiles","fictions","inventors","inventor","accidental","watchman","tole"
"dogs","blindfold","boughs","carp","mobiles","fictions","inventors","inventor","watchman","tole","accidental"
"blindfold","boughs","carp","mobiles","fictions","inventors","inventor","accidental","watchman","tole"
